No,Keyword,Volume,CPC,Paid Difficulty,SEO Difficulty
1,fire construction,10,0,1,18
2,fire protection,170,3.48093514,61,10
3,fire maintenance,10,0,28,27
4,maintenance of fire extinguisher,110,3.541649125,23,12
5,fire protection in malaysia,70,4.37140692,34,16
6,fire fighting contractor,50,2.327369425,32,23
7,maintenance fire alarm system,50,0,4,7
8,what fire suppression system,20,0,2,6
9,what fire alarm,20,0,13,17
10,how fire can occur,20,0,1,5
11,how fire can spread,20,0,1,5
12,with fire,10,0,1,18
13,fire in construction,10,0,1,13
14,the fire protection association,10,0,1,5
15,the fire protection,10,0,1,13
16,what is fire protection engineering,10,0,1,5
17,why fire alarm blinking red,10,0,1,5
18,what fire safety,10,1.477373635,30,23
19,what fire fighting equipment,10,0,1,5
20,how often fire alarm should be tested,10,0,1,5
21,how long fire alarm last,10,0,43,18
22,fire fighting equipment maintenance schedule,10,0,1,5
23,fire construction class,0,0,1,12
24,fire contractor shah alam,0,0,1,4
25,how many firefighters in malaysia,0,0,1,4
26,how many fire extinguisher needed,0,0,1,4
27,how many fire extinguishers are required per square foot malaysia,0,0,1,4
28,how many fire stations in malaysia,0,0,1,4
29,fake fire with construction paper,0,0,1,4
30,fire in construction hse,0,0,1,4
31,what is fire safety construction,0,0,1,4
32,why did the fire occur,0,0,1,4
33,fire with the whole,0,0,1,4
34,fireplace in construction,0,0,1,12
35,make fire with construction paper,0,0,1,4
36,what is a construction fire,0,0,1,4
37,how fire can be spread,0,0,1,4
38,what is dry fire construction,0,0,1,4
39,what is construction fire watch,0,0,1,4
40,what is fire protection construction,0,0,1,4
41,what is fire resistive construction type,0,0,1,4
42,5 types of fire construction,0,0,1,4
43,what is fire line construction,0,0,1,4
44,what is fire rated construction,0,0,1,4
45,building fire in malaysia,0,0,1,4
46,what fire extinguisher for construction site,0,0,1,4
47,how to make fire construction paper,0,0,1,4
48,how many fire station in malaysia,0,0,1,4
49,fire and protection jobs,0,0,1,4
50,the fire protection shop,0,0,1,4
51,with fire retardant,0,0,1,12
52,fire and protection engineer,0,0,1,4
53,fire with safety,0,0,1,12
54,with the national fire protection association,0,0,1,4
55,minecraft protection with fire protection,0,0,1,4
56,why fire alarm beeping randomly,0,0,1,4
57,why fire alarm flashing red,0,0,1,4
58,why fire alarm went off randomly,0,0,1,4
59,where fire department,0,0,1,12
60,where fire retardant,0,0,1,12
61,where fire alarm,0,0,1,12
62,where is fire protection,0,0,1,4
63,fire protection parts near me,0,0,1,4
64,what is fire protection method,0,0,1,4
65,fire protection system in malaysia,0,0,1,12
66,what are the active fire protection systems and facilities,0,0,1,4
67,who fire safety,0,0,1,12
68,who control fire,0,0,1,12
69,who is encore fire protection,0,0,1,4
70,who are the fire protection association,0,0,1,4
71,who is the national fire protection association,0,0,1,4
72,what is a fire protection company,0,0,1,4
73,who pays for fire insurance,0,0,1,4
74,which fire department,0,0,1,12
75,which fire department is near me,0,0,1,4
76,which fire alarm is going off,0,0,1,4
77,which fire department is closest to me,0,0,1,4
78,which fire safety,0,0,1,12
79,which fire department is hiring,0,0,1,4
80,which fire suppression system,0,0,1,4
81,which fire fighting,0,0,1,12
82,what is fire insurance for house,0,0,1,4
83,what is fire insurance in malaysia,0,0,1,4
84,will fire protection,0,0,1,12
85,when fire alarm keeps going off,0,0,1,4
86,when fire department,0,0,1,12
87,when fire prevention month,0,0,1,4
88,when fire alarm,0,0,1,12
89,when fire fighting,0,0,1,12
90,when fire prevention week,0,0,1,4
91,what fire department,0,0,1,12
92,what fire department is closest to me,0,0,1,4
93,are fire alarm,0,0,1,12
94,are fire department,0,0,1,12
95,are fire suppression,0,0,1,12
96,are fire resistant,0,0,1,12
97,are fire retardant,0,0,1,12
98,are fire safety,0,0,1,12
99,are fire fighting,0,0,1,12
100,are fire sprinkler,0,0,1,12
101,fire are safety certificate,0,0,1,4
102,how fire resistant is drywall,0,0,1,4
103,how fire resistant is wool,0,0,1,4
104,how fire resistance potion,0,0,1,4
105,how fire department,0,0,1,12
106,how fire resistant is plasterboard,0,0,1,4
107,how fire alarm sound,0,0,1,4
108,how fire alarm,0,0,1,12
109,how fire resistant is insulation,0,0,1,4
110,how fire sprinkler,0,0,1,12
111,how fire control,0,0,1,12
112,how fire retardant,0,0,1,12
113,how many fire services in the uk,0,0,1,4
114,how many fire fighting party,0,0,1,4
115,how many fire safety policies are there,0,0,1,4
116,how many fire fighting types are there,0,0,1,4
117,how many fire alarm devices on one circuit,0,0,1,4
118,how many fire alarm pull stations required,0,0,1,4
119,how much fire resistance for leotheras,0,0,1,4
120,how often fire safety training,0,0,1,4
121,how often fire alarm need to be tested,0,0,1,4
122,how long fire alarm go off,0,0,1,4
123,how long fire alarm,0,0,1,4
124,how long fire alarm test,0,0,1,4
125,who services fire,0,0,1,12
126,how fire protection works,0,0,1,4
127,why fire fighting equipment is important,0,0,1,4
128,how fire can start,0,0,1,4
129,how fire can happen,0,0,1,4
130,how fire door works,0,0,1,4
131,why fire protection,0,0,1,12
132,who service fire extinguisher near me,0,0,1,4
133,which fire service,0,0,1,12
134,when fire service,0,0,1,12
135,when fire service shortlist,0,0,1,4
136,when fire service recruitment,0,0,1,4
137,when fire service established in nigeria,0,0,1,4
138,what fire protection,0,0,1,12
139,what fire protection system,0,0,1,4
140,what's fire protection in minecraft,0,0,1,4
141,what fire service,0,0,1,12
142,are fire protection,0,0,1,12
143,are fire service,0,0,1,12
144,how fire protection,0,0,1,12
145,how fire service,0,0,1,12
146,how many fire protection engineers are there,0,0,1,4
147,how many fire service training schools in ghana,0,0,1,4
148,how much fire protection does plasterboard give,0,0,1,4
149,how much fire protection does netherite give,0,0,1,4
150,how much fire protection to swim in lava minecraft,0,0,1,4
151,how much fire protection,0,0,1,4
152,how much fire service salary,0,0,1,4
153,which fire extinguishing system is the most economical,0,0,1,4
154,which fire extinguishing agent is considered to be least toxic,0,0,1,4
155,when to renew fire extinguisher,0,0,1,4
156,how often should fire training be done,0,0,1,4
157,how many fire protection system,0,0,1,4
158,how often fire extinguisher maintenance,0,0,1,4
159,how often fire alarm maintenance,0,0,1,4
160,fire maybank,0,0,1,17
161,how long can you keep a fire going,0,0,1,4
162,how often do fire service recruit,0,0,1,4
163,why firewall is so important,0,0,1,4
164,how often does fire protection get deployed,0,0,1,4
165,how many fire service in ghana,0,0,1,4
166,fire safety maintenance plan,0,0,1,4
167,how often gas fire service,0,0,1,4
168,how to maintenance fire extinguisher,0,0,1,4
169,how much fire service salary per month,0,0,1,4
170,fire fighter owner,0,0,1,12
171,how much fire service salary in nigeria,0,0,1,4
172,how often service fire alarm,0,0,1,4
173,how much fire service,0,0,1,4
174,fire and maintenance,0,0,1,12
175,why fire service,0,0,1,12
176,how much fire service forms,0,0,1,4
177,how much fire service salary per month in nigeria,0,0,1,4
178,why do firefighters clean their fire trucks,0,0,1,4
179,maintain fire alarm system,0,0,1,4
180,are fire service forms out for 2025,0,0,1,4
181,how many fire protection are there,0,0,1,4
182,how many fire service stations are in ghana,0,0,1,4
183,will fire service fit smoke alarms,0,0,1,4
184,maintenance fire fighting system,0,0,1,4
185,why service fire extinguisher,0,0,1,4
186,how many fire service,0,0,1,4
187,how much fire protection do i need,0,0,1,4
188,maintenance for fire fighting system,0,0,1,4
189,why fire extinguisher pressure drop,0,0,1,4
190,win fire resources,0,0,1,12
191,how long does fire risk assessment last,0,0,1,4
192,is standard for fire extinguisher maintenance,0,0,1,4
193,do the fire brigade do fire risk assessments,0,0,1,4
194,how much fire service salary in ghana,0,0,1,4
195,maintenance fire fighting,0,0,1,12
196,how many fire service station in tripura,0,0,1,4
197,will fire service,0,0,1,12
198,what is fire maintenance,0,0,1,4
199,way to maintain the fire extinguisher,0,0,1,4
200,why need fire insurance,0,0,1,4
201,how many fire protection,0,0,1,4
202,what are the main elements to start a fire,0,0,1,4
203,why fire service week,0,0,1,4
204,how often gas fireplace maintenance,0,0,1,4

#Test
will it work
