Date,Open,High,Low,Close,Adj Close,Volume
"Dec 30, 2025",5.67,5.78,5.57,5.75,5.66,"6,839,800"
"Dec 29, 2025",5.7,5.7,5.6,5.66,5.57,"8,833,100"
"Dec 26, 2025",5.63,5.69,5.55,5.69,5.6,"7,433,200"
"Dec 24, 2025",5.55,5.66,5.53,5.62,5.53,"4,173,100"
"Dec 23, 2025",5.46,5.56,5.46,5.55,5.46,"6,001,900"
"Dec 22, 2025",5.63,5.63,5.45,5.53,5.44,"4,530,800"
"Dec 19, 2025",5.5,5.66,5.5,5.6,5.51,"15,167,400"
"Dec 18, 2025",5.38,5.53,5.38,5.5,5.41,"4,043,700"
"Dec 17, 2025",5.45,5.47,5.38,5.45,5.36,"2,709,400"
"Dec 16, 2025",5.32,5.42,5.32,5.42,5.33,"5,281,100"
"Dec 15, 2025",5.32,5.39,5.29,5.35,5.26,"8,747,600"
"Dec 12, 2025",5.42,5.44,5.3,5.39,5.3,"4,338,900"
"Dec 11, 2025",5.26,5.43,5.26,5.4,5.31,"5,136,600"
"Dec 10, 2025",5.3,5.3,5.25,5.26,5.17,"4,734,300"
"Dec 9, 2025",5.26,5.3,5.24,5.3,5.21,"7,499,900"
"Dec 8, 2025",5.22,5.27,5.19,5.24,5.15,"9,601,100"
"Dec 5, 2025",5.29,5.31,5.25,5.28,5.19,"5,180,300"
"Dec 4, 2025",5.3,5.32,5.25,5.3,5.21,"7,611,000"
"Dec 3, 2025",5.32,5.32,5.22,5.3,5.21,"4,808,800"
"Dec 2, 2025",5.25,5.32,5.24,5.32,5.23,"8,823,500"
"Dec 1, 2025",5.21,5.28,5.19,5.24,5.15,"4,243,500"
"Nov 28, 2025",5.2,5.26,5.18,5.21,5.12,"7,059,200"
"Nov 27, 2025",5.29,5.32,5.23,5.25,5.16,"6,282,800"
"Nov 26, 2025",5.38,5.38,5.24,5.3,5.21,"12,915,300"
"Nov 25, 2025",5.36,5.37,5.3,5.32,5.23,"8,286,200"
"Nov 24, 2025",5.4,5.4,5.28,5.31,5.22,"18,735,100"
"Nov 21, 2025",5.39,5.4,5.34,5.4,5.31,"8,284,500"
"Nov 20, 2025",5.41,5.46,5.33,5.36,5.27,"7,528,400"
"Nov 19, 2025",5.35,5.42,5.33,5.4,5.31,"10,705,900"
"Nov 18, 2025",5.35,5.39,5.32,5.35,5.26,"8,736,600"
"Nov 17, 2025",5.38,5.4,5.32,5.35,5.26,"10,576,200"
"Nov 14, 2025",5.39,5.44,5.34,5.38,5.29,"17,252,300"
"Nov 13, 2025",5.49,5.49,5.39,5.4,5.31,"8,815,800"
"Nov 12, 2025",5.46,5.5,5.42,5.43,5.34,"7,725,800"
"Nov 11, 2025",5.44,5.52,5.44,5.47,5.38,"7,841,400"
"Nov 10, 2025",5.4,5.6,5.4,5.44,5.35,"9,059,000"
"Nov 7, 2025",5.37,5.4,5.33,5.4,5.31,"18,176,500"
"Nov 6, 2025",5.3,5.38,5.3,5.35,5.26,"17,691,600"
"Nov 5, 2025",5.32,5.32,5.27,5.28,5.19,"9,588,900"
"Nov 4, 2025",5.34,5.37,5.29,5.3,5.21,"6,457,600"
"Nov 3, 2025",5.28,5.4,5.27,5.35,5.26,"8,127,400"
"Oct 31, 2025",5.26,5.32,5.26,5.28,5.19,"9,187,400"
"Oct 30, 2025",5.3,5.33,5.25,5.32,5.23,"14,826,500"
"Oct 29, 2025",5.33,5.34,5.27,5.29,5.2,"7,970,400"
"Oct 28, 2025",5.4,5.44,5.33,5.35,5.26,"21,662,700"
"Oct 27, 2025",5.31,5.4,5.25,5.4,5.31,"28,264,400"
"Oct 24, 2025",5.22,5.31,5.22,5.25,5.16,"9,947,600"
"Oct 23, 2025",5.27,5.3,5.24,5.29,5.2,"10,571,500"
"Oct 22, 2025",5.31,5.31,5.27,5.27,5.18,"8,432,200"
"Oct 21, 2025",5.24,5.33,5.22,5.3,5.21,"8,341,500"
"Oct 17, 2025",5.21,5.28,5.21,5.25,5.16,"6,198,200"
"Oct 16, 2025",0.0775,,,,,
"Oct 16, 2025",5.24,5.3,5.21,5.25,5.16,"4,051,600"
"Oct 15, 2025",5.22,5.31,5.22,5.28,5.12,"7,558,600"
"Oct 14, 2025",5.3,5.31,5.22,5.22,5.06,"3,785,200"
"Oct 13, 2025",5.32,5.32,5.27,5.3,5.14,"3,845,100"
"Oct 10, 2025",5.3,5.37,5.28,5.34,5.17,"13,380,400"
"Oct 9, 2025",5.29,5.3,5.24,5.28,5.12,"7,489,900"
"Oct 8, 2025",5.26,5.28,5.21,5.26,5.1,"6,544,900"
"Oct 7, 2025",5.24,5.25,5.19,5.22,5.06,"9,385,200"
"Oct 6, 2025",5.26,5.27,5.23,5.25,5.09,"2,396,000"
"Oct 3, 2025",5.26,5.26,5.2,5.25,5.09,"2,387,900"
"Oct 2, 2025",5.25,5.3,5.23,5.25,5.09,"7,049,900"
"Oct 1, 2025",5.22,5.27,5.19,5.22,5.06,"6,057,700"
"Sep 30, 2025",5.26,5.31,5.22,5.22,5.06,"8,089,700"
"Sep 29, 2025",5.24,5.32,5.24,5.24,5.08,"4,794,600"
"Sep 26, 2025",5.25,5.25,5.22,5.24,5.08,"6,942,200"
"Sep 25, 2025",5.25,5.25,5.23,5.25,5.09,"6,808,700"
"Sep 24, 2025",5.29,5.29,5.22,5.23,5.07,"4,828,800"
"Sep 23, 2025",5.23,5.29,5.23,5.27,5.11,"5,317,400"
"Sep 22, 2025",5.25,5.3,5.25,5.3,5.14,"3,126,600"
"Sep 19, 2025",5.25,5.26,5.18,5.25,5.09,"7,493,400"
"Sep 18, 2025",5.23,5.27,5.23,5.25,5.09,"6,790,900"
"Sep 17, 2025",5.19,5.25,5.15,5.23,5.07,"6,286,300"
"Sep 12, 2025",5.16,5.22,5.16,5.18,5.02,"3,205,400"
"Sep 11, 2025",5.14,5.16,5.14,5.15,4.99,"25,143,100"
"Sep 10, 2025",5.13,5.16,5.1,5.15,4.99,"5,756,100"
"Sep 9, 2025",5.13,5.13,5.1,5.12,4.96,"9,104,100"
"Sep 8, 2025",5.07,5.12,5.05,5.12,4.96,"15,320,500"
"Sep 4, 2025",5.02,5.08,5.02,5.06,4.9,"9,287,500"
"Sep 3, 2025",5.04,5.11,4.99,5.03,4.87,"4,862,200"
"Sep 2, 2025",5.06,5.06,4.98,5.04,4.88,"5,156,000"
"Aug 29, 2025",5.08,5.08,4.98,5.05,4.89,"9,189,200"
"Aug 28, 2025",5.04,5.11,5.02,5.08,4.92,"7,834,800"
"Aug 27, 2025",5.04,5.05,5,5.02,4.86,"1,752,000"
"Aug 26, 2025",5.11,5.11,5.02,5.04,4.88,"5,576,200"
"Aug 25, 2025",5.04,5.11,5.04,5.1,4.94,"5,959,000"
"Aug 22, 2025",5.1,5.11,5.03,5.04,4.88,"2,441,500"
"Aug 21, 2025",5.13,5.15,5.05,5.1,4.94,"4,575,700"
"Aug 20, 2025",4.96,5.21,4.94,5.13,4.97,"7,328,300"
"Aug 19, 2025",4.96,4.97,4.89,4.96,4.81,"5,274,900"
"Aug 18, 2025",4.89,4.98,4.89,4.96,4.81,"7,410,400"
"Aug 15, 2025",4.95,4.98,4.86,4.88,4.73,"3,836,100"
"Aug 14, 2025",5.01,5.04,4.93,4.95,4.8,"3,972,200"
"Aug 13, 2025",4.94,5.01,4.94,4.98,4.83,"5,269,500"
"Aug 12, 2025",4.93,5.01,4.92,4.94,4.79,"2,915,900"
"Aug 11, 2025",4.85,4.94,4.85,4.91,4.76,"2,393,700"
"Aug 8, 2025",4.77,4.86,4.77,4.85,4.7,"3,834,400"
"Aug 7, 2025",4.74,4.81,4.74,4.77,4.62,"3,123,900"
"Aug 6, 2025",4.76,4.78,4.75,4.75,4.6,"1,694,600"
"Aug 5, 2025",4.76,4.78,4.76,4.78,4.63,"1,718,800"
"Aug 4, 2025",4.75,4.78,4.72,4.76,4.61,"1,474,000"
"Aug 1, 2025",4.8,4.85,4.74,4.75,4.6,"4,730,100"
"Jul 31, 2025",4.77,4.8,4.75,4.77,4.62,"2,131,200"
"Jul 30, 2025",4.77,4.8,4.75,4.79,4.64,"909,900"
"Jul 29, 2025",4.87,4.87,4.8,4.8,4.65,"1,867,000"
"Jul 28, 2025",4.77,4.88,4.77,4.86,4.71,"2,449,500"
"Jul 25, 2025",4.78,4.79,4.75,4.78,4.63,"603,300"
"Jul 24, 2025",4.77,4.82,4.77,4.81,4.66,"1,456,200"
"Jul 23, 2025",4.75,4.79,4.74,4.75,4.6,"2,648,000"
"Jul 22, 2025",4.77,4.78,4.74,4.75,4.6,"1,578,200"
"Jul 21, 2025",4.77,4.78,4.75,4.77,4.62,"1,532,900"
"Jul 18, 2025",4.77,4.83,4.76,4.77,4.62,"3,010,900"
"Jul 17, 2025",4.77,4.8,4.76,4.77,4.62,"1,791,900"
"Jul 16, 2025",4.76,4.81,4.75,4.77,4.62,"1,789,600"
"Jul 15, 2025",4.79,4.82,4.75,4.75,4.6,"2,235,400"
"Jul 14, 2025",4.78,4.85,4.78,4.79,4.64,"1,846,900"
"Jul 11, 2025",4.77,4.81,4.71,4.78,4.63,"3,510,100"
"Jul 10, 2025",4.72,4.78,4.68,4.76,4.61,"1,360,400"
"Jul 9, 2025",4.74,4.78,4.73,4.75,4.6,"3,644,000"
"Jul 8, 2025",4.75,4.79,4.7,4.74,4.59,"2,127,500"
"Jul 7, 2025",4.79,4.79,4.73,4.77,4.62,"1,127,600"
"Jul 4, 2025",4.75,4.82,4.72,4.81,4.66,"3,573,300"
"Jul 3, 2025",4.7,4.78,4.69,4.78,4.63,"3,357,500"
"Jul 2, 2025",4.72,4.72,4.68,4.7,4.55,"1,422,300"
"Jul 1, 2025",4.65,4.73,4.65,4.7,4.55,"1,375,200"
"Jun 30, 2025",4.62,4.73,4.58,4.64,4.5,"3,718,400"
"Jun 26, 2025",4.53,4.63,4.53,4.58,4.44,"3,630,800"
"Jun 25, 2025",4.57,4.6,4.52,4.53,4.39,"4,229,700"
"Jun 24, 2025",4.55,4.62,4.52,4.53,4.39,"2,769,600"
"Jun 23, 2025",4.5,4.58,4.46,4.57,4.43,"920,300"
"Jun 20, 2025",4.52,4.53,4.48,4.49,4.35,"7,909,100"
"Jun 19, 2025",4.55,4.6,4.53,4.55,4.41,"3,977,300"
"Jun 18, 2025",4.6,4.63,4.53,4.54,4.4,"2,840,900"
"Jun 17, 2025",4.65,4.67,4.56,4.58,4.44,"967,600"
"Jun 16, 2025",4.63,4.72,4.53,4.7,4.55,"4,300,300"
"Jun 13, 2025",4.55,4.62,4.5,4.59,4.45,"1,108,700"
"Jun 12, 2025",4.63,4.63,4.45,4.52,4.38,"3,148,500"
"Jun 11, 2025",4.55,4.6,4.54,4.6,4.46,"919,400"
"Jun 10, 2025",4.6,4.66,4.5,4.52,4.38,"1,739,000"
"Jun 9, 2025",4.58,4.63,4.58,4.6,4.46,"431,500"
"Jun 6, 2025",4.54,4.64,4.54,4.58,4.44,"1,249,600"
"Jun 5, 2025",4.52,4.57,4.52,4.54,4.4,"1,295,500"
"Jun 4, 2025",4.51,4.56,4.48,4.53,4.39,"1,581,900"
"Jun 3, 2025",4.57,4.57,4.46,4.51,4.37,"2,522,400"
"May 30, 2025",4.65,4.65,4.47,4.48,4.34,"10,222,100"
"May 29, 2025",4.63,4.66,4.6,4.6,4.46,"1,070,700"
"May 28, 2025",4.63,4.65,4.61,4.62,4.48,"1,712,300"
"May 27, 2025",4.67,4.67,4.62,4.67,4.53,"1,005,600"
"May 26, 2025",4.65,4.69,4.65,4.68,4.54,"1,213,700"
"May 23, 2025",4.64,4.68,4.64,4.67,4.53,"1,013,400"
"May 22, 2025",4.69,4.69,4.62,4.63,4.49,"2,547,300"
"May 21, 2025",4.68,4.7,4.63,4.69,4.54,"1,251,800"
"May 20, 2025",4.65,4.69,4.62,4.63,4.49,"1,954,200"
"May 19, 2025",4.64,4.71,4.64,4.68,4.54,"2,554,200"
"May 16, 2025",4.64,4.69,4.58,4.69,4.54,"6,022,700"
"May 15, 2025",4.69,4.73,4.62,4.64,4.5,"4,951,100"
"May 14, 2025",4.69,4.69,4.64,4.69,4.54,"5,854,700"
"May 13, 2025",4.63,4.74,4.59,4.69,4.54,"6,544,000"
"May 9, 2025",4.57,4.61,4.56,4.6,4.46,"3,851,600"
"May 8, 2025",0.1171,,,,,
"May 8, 2025",4.67,4.67,4.53,4.57,4.43,"4,205,100"
"May 7, 2025",4.7,4.73,4.66,4.68,4.42,"7,387,600"
"May 6, 2025",4.65,4.69,4.64,4.67,4.41,"779,300"
"May 5, 2025",4.66,4.69,4.63,4.65,4.39,"1,039,800"
"May 2, 2025",4.75,4.75,4.62,4.65,4.39,"4,715,300"
"Apr 30, 2025",4.56,4.75,4.56,4.75,4.49,"4,101,100"
"Apr 29, 2025",4.67,4.67,4.56,4.56,4.31,"1,773,600"
"Apr 28, 2025",4.7,4.75,4.62,4.67,4.41,"2,832,800"
"Apr 25, 2025",4.7,4.73,4.65,4.7,4.44,"1,707,300"
"Apr 24, 2025",4.7,4.7,4.64,4.66,4.4,"1,684,700"
"Apr 23, 2025",4.65,4.73,4.64,4.65,4.39,"748,200"
"Apr 22, 2025",4.64,4.67,4.62,4.65,4.39,"666,300"
"Apr 21, 2025",4.62,4.65,4.58,4.64,4.38,"464,400"
"Apr 18, 2025",4.58,4.6,4.57,4.6,4.35,"1,395,200"
"Apr 17, 2025",4.63,4.63,4.54,4.57,4.32,"1,720,600"
"Apr 16, 2025",4.67,4.69,4.58,4.6,4.35,"1,975,100"
"Apr 15, 2025",4.66,4.75,4.66,4.67,4.41,"1,469,700"
"Apr 14, 2025",4.62,4.69,4.61,4.66,4.4,"3,666,600"
"Apr 11, 2025",4.56,4.59,4.53,4.55,4.3,"3,481,900"
"Apr 10, 2025",4.52,4.64,4.46,4.56,4.31,"4,395,600"
"Apr 9, 2025",4.5,4.58,4.42,4.42,4.18,"5,037,900"
"Apr 8, 2025",4.65,4.65,4.56,4.56,4.31,"3,525,400"
"Apr 7, 2025",4.75,4.75,4.53,4.64,4.38,"4,333,400"
"Apr 4, 2025",4.89,4.89,4.77,4.79,4.53,"841,500"
"Apr 3, 2025",4.81,4.89,4.8,4.88,4.61,"474,200"
"Apr 2, 2025",4.98,4.98,4.85,4.89,4.62,"2,156,100"
"Mar 28, 2025",4.88,4.97,4.85,4.91,4.64,"4,126,400"
"Mar 27, 2025",4.86,4.9,4.85,4.88,4.61,"1,983,300"
"Mar 26, 2025",4.93,4.93,4.84,4.9,4.63,"5,982,800"
"Mar 25, 2025",4.9,4.96,4.86,4.9,4.63,"3,552,300"
"Mar 24, 2025",4.85,4.91,4.85,4.87,4.6,"1,084,400"
"Mar 21, 2025",4.89,4.92,4.86,4.9,4.63,"9,217,800"
"Mar 20, 2025",4.79,4.88,4.79,4.86,4.59,"1,503,200"
"Mar 19, 2025",4.84,4.9,4.78,4.83,4.56,"2,147,000"
"Mar 17, 2025",4.81,4.91,4.78,4.84,4.57,"1,902,300"
"Mar 14, 2025",4.77,4.86,4.74,4.83,4.56,"4,866,700"
"Mar 13, 2025",4.75,4.82,4.74,4.82,4.55,"4,389,700"
"Mar 12, 2025",4.76,4.77,4.71,4.76,4.5,"5,566,600"
"Mar 11, 2025",4.8,4.8,4.73,4.74,4.48,"1,822,500"
"Mar 10, 2025",4.92,4.92,4.78,4.8,4.54,"5,719,500"
"Mar 7, 2025",4.91,4.98,4.86,4.88,4.61,"2,132,300"
"Mar 6, 2025",4.98,5,4.93,4.96,4.69,"3,168,200"
"Mar 5, 2025",4.99,4.99,4.9,4.95,4.68,"2,486,500"
"Mar 4, 2025",4.94,5,4.9,4.9,4.63,"2,920,100"
"Mar 3, 2025",5.05,5.05,4.92,4.95,4.68,"2,428,700"
"Feb 28, 2025",5,5.07,4.97,5.07,4.79,"10,935,500"
"Feb 27, 2025",4.91,4.99,4.91,4.97,4.7,"2,649,900"
"Feb 26, 2025",4.84,4.94,4.84,4.9,4.63,"2,145,600"
"Feb 25, 2025",5,5,4.83,4.83,4.56,"3,004,600"
"Feb 24, 2025",4.82,5,4.82,5,4.72,"1,844,100"
"Feb 21, 2025",4.81,4.89,4.8,4.87,4.6,"1,544,500"
"Feb 20, 2025",4.81,4.84,4.76,4.8,4.54,"1,684,200"
"Feb 19, 2025",4.82,4.86,4.8,4.83,4.56,"1,932,300"
"Feb 18, 2025",4.81,4.9,4.8,4.85,4.58,"1,987,900"
"Feb 17, 2025",4.9,4.9,4.78,4.85,4.58,"636,900"
"Feb 14, 2025",4.9,4.93,4.86,4.86,4.59,"1,072,500"
"Feb 13, 2025",4.98,4.98,4.84,4.87,4.6,"1,313,300"
"Feb 12, 2025",4.78,4.98,4.78,4.98,4.71,"1,930,000"
"Feb 10, 2025",4.93,4.93,4.8,4.8,4.54,"1,607,400"
"Feb 7, 2025",4.9,4.98,4.86,4.91,4.64,"1,356,400"
"Feb 6, 2025",4.9,4.96,4.85,4.96,4.69,"2,505,200"
"Feb 5, 2025",4.9,4.9,4.85,4.88,4.61,"3,812,100"
"Feb 4, 2025",4.8,4.98,4.8,4.91,4.64,"3,893,000"
"Feb 3, 2025",4.8,4.85,4.8,4.85,4.58,"1,924,700"
"Jan 31, 2025",4.97,4.97,4.8,4.85,4.58,"2,040,700"
"Jan 28, 2025",4.68,4.98,4.68,4.98,4.71,"873,000"
"Jan 27, 2025",4.92,4.92,4.68,4.68,4.42,"523,500"
"Jan 24, 2025",4.92,4.92,4.83,4.9,4.63,"1,511,300"
"Jan 23, 2025",4.86,4.9,4.8,4.9,4.63,"1,593,200"
"Jan 22, 2025",4.9,4.97,4.85,4.9,4.63,"1,951,900"
"Jan 21, 2025",4.77,4.89,4.77,4.89,4.62,"1,832,400"
"Jan 20, 2025",4.75,4.82,4.73,4.81,4.54,"1,587,500"
"Jan 17, 2025",4.74,4.78,4.67,4.77,4.51,"1,851,900"
"Jan 16, 2025",4.75,4.78,4.73,4.74,4.48,"3,885,600"
"Jan 15, 2025",4.75,4.79,4.75,4.75,4.49,"1,915,300"
"Jan 14, 2025",4.87,4.88,4.75,4.75,4.49,"1,653,600"
"Jan 13, 2025",4.9,4.91,4.82,4.82,4.55,"2,857,400"
"Jan 10, 2025",4.9,4.94,4.9,4.92,4.65,"3,288,400"
"Jan 9, 2025",4.93,4.97,4.91,4.95,4.68,"2,621,200"
"Jan 8, 2025",5.01,5.01,4.93,4.93,4.66,"3,578,400"
"Jan 7, 2025",4.9,5.08,4.9,5.05,4.77,"5,969,900"
"Jan 6, 2025",4.95,4.99,4.91,4.92,4.65,"2,168,000"
"Jan 3, 2025",4.94,4.98,4.93,4.97,4.7,"1,516,000"
"Jan 2, 2025",4.95,4.98,4.91,4.98,4.71,"1,955,900"
"Dec 31, 2024",4.95,4.99,4.94,4.95,4.68,"4,248,900"
"Dec 30, 2024",4.94,4.97,4.9,4.95,4.68,"3,307,800"
"Dec 27, 2024",4.84,4.95,4.84,4.94,4.67,"1,962,100"
"Dec 26, 2024",4.88,4.9,4.85,4.85,4.58,"1,254,300"
"Dec 24, 2024",4.88,4.89,4.83,4.88,4.61,"1,327,900"
"Dec 23, 2024",4.81,4.87,4.81,4.86,4.59,"2,008,800"
"Dec 20, 2024",4.95,4.95,4.82,4.82,4.55,"5,875,500"
"Dec 19, 2024",4.85,4.94,4.82,4.91,4.64,"4,067,800"
"Dec 18, 2024",4.94,4.94,4.89,4.92,4.65,"1,228,800"
"Dec 17, 2024",4.96,5,4.86,4.91,4.64,"3,143,100"
"Dec 16, 2024",4.93,5.02,4.93,4.96,4.69,"1,951,100"
"Dec 13, 2024",5,5.03,4.93,4.96,4.69,"1,007,600"
"Dec 12, 2024",4.95,5.03,4.91,5,4.72,"5,384,600"
"Dec 11, 2024",4.98,5,4.93,4.95,4.68,"3,283,800"
"Dec 10, 2024",5.06,5.07,4.98,5.02,4.74,"4,725,900"
"Dec 9, 2024",5,5.08,5,5.06,4.78,"2,128,400"
"Dec 6, 2024",5.04,5.04,5,5.01,4.73,"860,800"
"Dec 5, 2024",5.08,5.08,5,5.02,4.74,"3,180,800"
"Dec 4, 2024",5.01,5.09,5.01,5.06,4.78,"1,643,400"
"Dec 3, 2024",4.92,5.08,4.92,5.08,4.8,"3,198,500"
"Dec 2, 2024",4.83,5.01,4.82,4.97,4.7,"3,430,000"
"Nov 29, 2024",4.72,4.85,4.72,4.81,4.54,"3,203,100"
"Nov 28, 2024",4.78,4.84,4.75,4.75,4.49,"1,800,100"
"Nov 27, 2024",4.81,4.85,4.78,4.81,4.54,"1,347,200"
"Nov 26, 2024",4.82,4.84,4.76,4.82,4.55,"3,201,300"
"Nov 25, 2024",4.86,4.88,4.76,4.77,4.51,"8,317,600"
"Nov 22, 2024",4.85,4.91,4.8,4.86,4.59,"3,479,800"
"Nov 21, 2024",4.87,4.92,4.78,4.8,4.54,"4,310,800"
"Nov 20, 2024",4.91,4.93,4.87,4.9,4.63,"3,835,800"
"Nov 19, 2024",4.93,4.93,4.86,4.89,4.62,"2,347,200"
"Nov 18, 2024",4.81,4.93,4.81,4.92,4.65,"3,447,100"
"Nov 15, 2024",4.83,4.88,4.78,4.81,4.54,"6,017,300"
"Nov 14, 2024",5.01,5.01,4.83,4.85,4.58,"9,168,800"
"Nov 13, 2024",5.17,5.17,4.97,5.01,4.73,"5,580,500"
"Nov 12, 2024",5.13,5.16,5.11,5.15,4.87,"13,165,200"
"Nov 11, 2024",4.99,5.19,4.99,5.13,4.85,"5,543,400"
"Nov 8, 2024",4.95,5,4.95,4.99,4.71,"2,824,300"
"Nov 7, 2024",5,5.02,4.96,4.96,4.69,"5,556,600"
"Nov 6, 2024",5.09,5.09,4.99,5,4.72,"2,681,100"
"Nov 5, 2024",4.97,5.05,4.93,5.05,4.77,"5,242,000"
"Nov 4, 2024",4.88,5,4.86,4.95,4.68,"6,655,200"
"Nov 1, 2024",4.61,4.95,4.61,4.95,4.68,"3,286,200"
"Oct 30, 2024",0.0465,,,,,
"Oct 30, 2024",4.66,4.75,4.59,4.6,4.35,"3,202,000"
"Oct 29, 2024",4.71,4.78,4.69,4.76,4.45,"1,160,000"
"Oct 28, 2024",4.8,4.81,4.72,4.76,4.45,"581,700"
"Oct 25, 2024",4.78,4.81,4.77,4.79,4.48,"1,249,800"
"Oct 24, 2024",4.79,4.8,4.75,4.76,4.45,"1,929,800"
"Oct 23, 2024",4.84,4.84,4.78,4.78,4.47,"2,122,700"
"Oct 22, 2024",4.72,4.85,4.71,4.84,4.53,"3,055,600"
"Oct 21, 2024",4.72,4.73,4.61,4.73,4.43,"1,335,300"
"Oct 18, 2024",4.68,4.75,4.66,4.72,4.42,"1,215,200"
"Oct 17, 2024",4.62,4.7,4.59,4.68,4.38,"2,004,700"
"Oct 16, 2024",4.68,4.68,4.58,4.61,4.31,"1,063,400"
"Oct 15, 2024",4.56,4.72,4.56,4.72,4.42,"1,839,200"
"Oct 14, 2024",4.61,4.64,4.55,4.6,4.3,"1,749,700"
"Oct 11, 2024",4.69,4.69,4.6,4.61,4.31,"814,600"
"Oct 10, 2024",4.6,4.69,4.59,4.64,4.34,"1,695,100"
"Oct 9, 2024",4.69,4.72,4.55,4.6,4.3,"4,965,800"
"Oct 8, 2024",4.72,4.72,4.68,4.69,4.39,"5,445,200"
"Oct 7, 2024",4.69,4.72,4.66,4.7,4.4,"4,260,500"
"Oct 4, 2024",4.69,4.7,4.63,4.69,4.39,"3,719,700"
"Oct 3, 2024",4.65,4.72,4.65,4.7,4.4,"1,224,500"
"Oct 2, 2024",4.73,4.73,4.65,4.7,4.4,"2,978,000"
"Oct 1, 2024",4.73,4.76,4.63,4.75,4.44,"2,773,100"
"Sep 30, 2024",4.81,4.82,4.66,4.79,4.48,"7,711,500"
"Sep 27, 2024",4.75,4.84,4.72,4.81,4.5,"4,711,400"
"Sep 26, 2024",4.85,4.85,4.74,4.75,4.44,"2,153,100"
"Sep 25, 2024",4.7,4.88,4.69,4.88,4.57,"3,496,200"
"Sep 24, 2024",4.68,4.74,4.62,4.7,4.4,"3,933,200"
"Sep 23, 2024",4.68,4.71,4.63,4.68,4.38,"1,795,400"
"Sep 20, 2024",4.57,4.72,4.57,4.72,4.42,"7,184,000"
"Sep 19, 2024",4.56,4.67,4.56,4.62,4.32,"2,650,700"
"Sep 18, 2024",4.56,4.62,4.55,4.6,4.3,"3,199,100"
"Sep 17, 2024",4.53,4.6,4.49,4.6,4.3,"2,280,100"
"Sep 13, 2024",4.53,4.55,4.52,4.54,4.25,"2,292,000"
"Sep 12, 2024",4.48,4.56,4.46,4.5,4.21,"2,237,300"
"Sep 11, 2024",4.55,4.56,4.48,4.49,4.2,"1,985,000"
"Sep 10, 2024",4.5,4.56,4.49,4.54,4.25,"1,225,200"
"Sep 9, 2024",4.5,4.58,4.5,4.5,4.21,"2,075,400"
"Sep 6, 2024",4.53,4.58,4.5,4.54,4.25,"926,000"
"Sep 5, 2024",4.63,4.63,4.53,4.53,4.24,"3,077,700"
"Sep 4, 2024",4.42,4.62,4.42,4.62,4.32,"3,099,000"
"Sep 3, 2024",4.6,4.63,4.53,4.57,4.28,"2,795,100"
"Sep 2, 2024",4.58,4.63,4.51,4.58,4.28,"2,027,300"
"Aug 30, 2024",4.62,4.62,4.52,4.58,4.28,"4,903,900"
"Aug 29, 2024",4.62,4.66,4.54,4.59,4.29,"2,904,100"
"Aug 28, 2024",4.58,4.65,4.57,4.6,4.3,"4,032,100"
"Aug 27, 2024",4.65,4.65,4.56,4.58,4.28,"1,279,100"
"Aug 26, 2024",4.66,4.68,4.61,4.64,4.34,"3,332,800"
"Aug 23, 2024",4.6,4.67,4.6,4.63,4.33,"2,092,300"
"Aug 22, 2024",4.53,4.59,4.53,4.58,4.28,"4,025,800"
"Aug 21, 2024",4.57,4.64,4.49,4.51,4.22,"1,071,000"
"Aug 20, 2024",4.6,4.67,4.48,4.61,4.31,"3,426,300"
"Aug 19, 2024",4.62,4.63,4.52,4.55,4.26,"2,493,900"
"Aug 16, 2024",4.58,4.63,4.54,4.62,4.32,"2,042,000"
"Aug 15, 2024",4.61,4.61,4.53,4.54,4.25,"444,200"
"Aug 14, 2024",4.52,4.62,4.51,4.61,4.31,"1,879,100"
"Aug 13, 2024",4.54,4.57,4.46,4.57,4.28,"2,346,300"
"Aug 12, 2024",4.48,4.53,4.46,4.5,4.21,"3,109,000"
"Aug 9, 2024",4.41,4.48,4.41,4.48,4.19,"1,032,500"
"Aug 8, 2024",4.38,4.44,4.35,4.4,4.12,"3,108,700"
"Aug 7, 2024",4.47,4.48,4.33,4.45,4.16,"2,538,000"
"Aug 6, 2024",4.45,4.48,4.32,4.48,4.19,"3,855,300"
"Aug 5, 2024",4.41,4.42,4.22,4.29,4.01,"3,017,400"
"Aug 2, 2024",4.45,4.48,4.42,4.44,4.15,"1,577,500"
"Aug 1, 2024",4.5,4.52,4.43,4.46,4.17,"2,310,100"
"Jul 31, 2024",4.47,4.52,4.44,4.47,4.18,"1,448,600"
"Jul 30, 2024",4.54,4.54,4.45,4.46,4.17,"3,146,000"
"Jul 29, 2024",4.45,4.56,4.45,4.52,4.23,"1,865,000"
"Jul 26, 2024",4.5,4.51,4.44,4.45,4.16,"1,906,600"
"Jul 25, 2024",4.55,4.55,4.45,4.49,4.2,"1,975,300"
"Jul 24, 2024",4.52,4.57,4.49,4.51,4.22,"4,397,200"
"Jul 23, 2024",4.47,4.55,4.47,4.52,4.23,"5,914,100"
"Jul 22, 2024",4.48,4.54,4.45,4.47,4.18,"5,014,600"
"Jul 19, 2024",4.31,4.58,4.31,4.5,4.21,"12,162,200"
"Jul 18, 2024",4.27,4.32,4.26,4.3,4.02,"3,528,800"
"Jul 17, 2024",4.26,4.32,4.25,4.3,4.02,"2,280,200"
"Jul 16, 2024",4.21,4.31,4.21,4.26,3.99,"3,339,200"
"Jul 15, 2024",4.24,4.24,4.21,4.21,3.94,"4,763,600"
"Jul 12, 2024",4.23,4.25,4.2,4.21,3.94,"4,703,800"
"Jul 11, 2024",4.21,4.25,4.2,4.23,3.96,"1,137,500"
"Jul 10, 2024",4.16,4.23,4.16,4.21,3.94,"2,955,500"
"Jul 9, 2024",4.22,4.25,4.15,4.15,3.88,"8,851,800"
"Jul 5, 2024",4.25,4.27,4.2,4.23,3.96,"1,240,700"
"Jul 4, 2024",4.25,4.27,4.24,4.25,3.98,"1,541,600"
"Jul 3, 2024",4.22,4.26,4.21,4.25,3.98,"4,178,500"
"Jul 2, 2024",4.24,4.25,4.21,4.22,3.95,"6,438,900"
"Jul 1, 2024",4.22,4.26,4.21,4.24,3.97,"6,363,400"
"Jun 28, 2024",4.26,4.26,4.2,4.22,3.95,"3,391,300"
"Jun 27, 2024",4.24,4.27,4.2,4.2,3.93,"9,110,700"
"Jun 26, 2024",4.25,4.3,4.24,4.26,3.99,"5,296,300"
"Jun 25, 2024",4.3,4.3,4.25,4.25,3.98,"5,114,200"
"Jun 24, 2024",4.31,4.31,4.29,4.3,4.02,"3,430,300"
"Jun 21, 2024",4.3,4.38,4.28,4.3,4.02,"9,607,100"
"Jun 20, 2024",4.3,4.32,4.27,4.3,4.02,"1,630,100"
"Jun 19, 2024",4.32,4.32,4.25,4.28,4,"6,233,900"
"Jun 18, 2024",4.22,4.32,4.22,4.3,4.02,"1,924,200"
"Jun 14, 2024",4.22,4.23,4.2,4.22,3.95,"4,499,100"
"Jun 13, 2024",4.22,4.25,4.16,4.22,3.95,"4,728,900"
"Jun 12, 2024",4.26,4.27,4.22,4.24,3.97,"3,288,600"
"Jun 11, 2024",4.31,4.34,4.25,4.25,3.98,"2,358,100"
"Jun 10, 2024",4.34,4.36,4.31,4.31,4.03,"748,800"
"Jun 7, 2024",4.33,4.37,4.33,4.34,4.06,"2,324,300"
"Jun 6, 2024",4.44,4.44,4.31,4.33,4.05,"3,694,300"
"Jun 5, 2024",4.45,4.51,4.41,4.44,4.15,"2,305,500"
"Jun 4, 2024",4.25,4.49,4.25,4.45,4.16,"9,261,500"
"May 31, 2024",4.28,4.42,4.25,4.25,3.98,"16,447,000"
"May 30, 2024",4.24,4.3,4.23,4.26,3.99,"6,393,600"
"May 29, 2024",4.33,4.33,4.22,4.24,3.97,"5,001,700"
"May 28, 2024",4.33,4.35,4.31,4.33,4.05,"2,972,800"
"May 27, 2024",4.38,4.38,4.32,4.33,4.05,"4,927,200"
"May 24, 2024",4.4,4.4,4.32,4.35,4.07,"6,311,700"
"May 23, 2024",4.43,4.47,4.39,4.4,4.12,"2,550,900"
"May 21, 2024",4.48,4.49,4.44,4.46,4.17,"2,913,200"
"May 20, 2024",4.47,4.57,4.44,4.48,4.19,"2,564,600"
"May 17, 2024",4.44,4.53,4.44,4.47,4.18,"2,834,700"
"May 16, 2024",4.44,4.49,4.41,4.45,4.16,"2,052,000"
"May 15, 2024",4.55,4.55,4.41,4.44,4.15,"2,848,900"
"May 14, 2024",4.53,4.57,4.5,4.55,4.26,"1,439,000"
"May 13, 2024",4.52,4.56,4.49,4.53,4.24,"931,700"
"May 10, 2024",4.6,4.6,4.49,4.52,4.23,"2,674,400"
"May 9, 2024",4.63,4.65,4.5,4.58,4.28,"4,035,000"
"May 8, 2024",4.48,4.73,4.48,4.62,4.32,"8,358,100"
"May 7, 2024",4.43,4.51,4.41,4.48,4.19,"2,471,300"
"May 6, 2024",4.42,4.45,4.38,4.43,4.14,"954,000"
"May 3, 2024",0.0605,,,,,
"May 3, 2024",4.44,4.46,4.37,4.42,4.14,"806,600"
"May 2, 2024",4.47,4.49,4.45,4.48,4.13,"3,729,700"
"Apr 30, 2024",4.46,4.5,4.45,4.47,4.13,"2,330,800"
"Apr 29, 2024",4.43,4.5,4.42,4.5,4.15,"2,120,000"
"Apr 26, 2024",4.44,4.45,4.42,4.43,4.09,"487,600"
"Apr 25, 2024",4.44,4.46,4.4,4.44,4.1,"3,032,400"
"Apr 24, 2024",4.42,4.46,4.4,4.44,4.1,"2,879,200"
"Apr 23, 2024",4.47,4.49,4.4,4.4,4.06,"2,780,200"
"Apr 22, 2024",4.43,4.49,4.43,4.47,4.13,"1,618,300"
"Apr 19, 2024",4.41,4.48,4.41,4.46,4.12,"1,439,600"
"Apr 18, 2024",4.43,4.47,4.38,4.41,4.07,"2,334,700"
"Apr 17, 2024",4.45,4.48,4.38,4.42,4.08,"2,874,500"
"Apr 16, 2024",4.41,4.48,4.41,4.45,4.11,"1,949,400"
"Apr 15, 2024",4.45,4.5,4.41,4.44,4.1,"2,755,200"
"Apr 12, 2024",4.56,4.59,4.43,4.51,4.16,"3,814,900"
"Apr 9, 2024",4.56,4.59,4.56,4.56,4.21,"2,669,500"
"Apr 8, 2024",4.55,4.58,4.48,4.56,4.21,"2,717,000"
"Apr 5, 2024",4.49,4.57,4.47,4.56,4.21,"1,566,600"
"Apr 4, 2024",4.35,4.53,4.34,4.5,4.15,"4,904,100"
"Apr 3, 2024",4.35,4.37,4.34,4.35,4.01,"1,765,100"
"Apr 2, 2024",4.35,4.37,4.31,4.34,4.01,"3,264,100"
"Apr 1, 2024",4.34,4.39,4.33,4.36,4.02,"964,500"
"Mar 29, 2024",4.35,4.39,4.3,4.31,3.98,"2,548,300"
"Mar 27, 2024",4.35,4.36,4.3,4.35,4.01,"5,000,400"
"Mar 26, 2024",4.33,4.39,4.33,4.39,4.05,"2,227,700"
"Mar 25, 2024",4.33,4.35,4.3,4.35,4.01,"3,444,900"
"Mar 22, 2024",4.41,4.41,4.32,4.33,4,"4,431,000"
"Mar 21, 2024",4.34,4.4,4.34,4.4,4.06,"2,369,100"
"Mar 20, 2024",4.3,4.39,4.3,4.34,4.01,"1,023,600"
"Mar 19, 2024",4.32,4.35,4.3,4.31,3.98,"1,880,500"
"Mar 18, 2024",4.34,4.37,4.31,4.34,4.01,"2,635,200"
"Mar 15, 2024",4.36,4.39,4.33,4.34,4.01,"6,883,900"
"Mar 14, 2024",4.33,4.39,4.33,4.39,4.05,"2,247,200"
"Mar 13, 2024",4.39,4.41,4.33,4.33,4,"2,552,700"
"Mar 12, 2024",4.34,4.42,4.34,4.41,4.07,"2,531,900"
"Mar 11, 2024",4.4,4.4,4.31,4.35,4.01,"2,171,100"
"Mar 8, 2024",4.3,4.39,4.29,4.37,4.03,"3,009,800"
"Mar 7, 2024",4.28,4.32,4.26,4.3,3.97,"2,721,600"
"Mar 6, 2024",4.27,4.31,4.26,4.27,3.94,"1,868,400"
"Mar 5, 2024",4.36,4.36,4.23,4.26,3.93,"3,213,200"
"Mar 4, 2024",4.39,4.39,4.34,4.36,4.02,"1,224,700"
"Mar 1, 2024",4.33,4.41,4.32,4.34,4.01,"2,168,000"
"Feb 29, 2024",4.28,4.38,4.25,4.33,4,"6,302,600"
"Feb 28, 2024",4.3,4.31,4.24,4.28,3.95,"3,000,000"
"Feb 27, 2024",4.23,4.32,4.22,4.3,3.97,"3,971,100"
"Feb 26, 2024",4.44,4.44,4.2,4.23,3.9,"8,596,600"
"Feb 23, 2024",4.5,4.5,4.43,4.43,4.09,"3,035,800"
"Feb 22, 2024",4.52,4.58,4.47,4.5,4.15,"3,258,300"
"Feb 21, 2024",4.55,4.6,4.49,4.52,4.17,"3,947,000"
"Feb 20, 2024",4.51,4.6,4.49,4.5,4.15,"6,497,900"
"Feb 19, 2024",4.5,4.52,4.48,4.5,4.15,"913,100"
"Feb 16, 2024",4.46,4.53,4.44,4.5,4.15,"2,847,500"
"Feb 15, 2024",4.48,4.49,4.43,4.44,4.1,"3,765,300"
"Feb 14, 2024",4.53,4.55,4.46,4.48,4.13,"1,033,700"
"Feb 13, 2024",4.45,4.58,4.45,4.55,4.2,"2,447,700"
"Feb 9, 2024",4.46,4.51,4.45,4.45,4.11,"2,289,500"
"Feb 8, 2024",4.46,4.5,4.43,4.46,4.12,"4,486,500"
"Feb 7, 2024",4.46,4.49,4.46,4.46,4.12,"1,256,400"
"Feb 6, 2024",4.43,4.49,4.43,4.46,4.12,"900,300"
"Feb 5, 2024",4.45,4.57,4.41,4.42,4.08,"2,682,000"
"Feb 2, 2024",4.42,4.58,4.4,4.49,4.14,"3,734,000"
"Jan 31, 2024",4.46,4.55,4.42,4.42,4.08,"4,854,700"
"Jan 30, 2024",4.52,4.57,4.47,4.47,4.13,"1,215,800"
"Jan 29, 2024",4.39,4.55,4.38,4.52,4.17,"3,890,600"
"Jan 26, 2024",4.38,4.44,4.35,4.35,4.01,"3,325,100"
"Jan 24, 2024",4.38,4.43,4.38,4.38,4.04,"5,552,500"
"Jan 23, 2024",4.4,4.47,4.37,4.37,4.03,"2,549,900"
"Jan 22, 2024",4.45,4.47,4.39,4.41,4.07,"3,193,100"
"Jan 19, 2024",4.4,4.51,4.39,4.45,4.11,"2,204,700"
"Jan 18, 2024",4.48,4.52,4.4,4.4,4.06,"2,583,100"
"Jan 17, 2024",4.45,4.51,4.43,4.48,4.13,"1,270,400"
"Jan 16, 2024",4.45,4.57,4.44,4.46,4.12,"1,586,700"
"Jan 15, 2024",4.33,4.51,4.33,4.48,4.13,"2,167,300"
"Jan 12, 2024",4.42,4.44,4.31,4.31,3.98,"3,639,100"
"Jan 11, 2024",4.37,4.44,4.36,4.42,4.08,"2,458,000"
"Jan 10, 2024",4.38,4.4,4.31,4.35,4.01,"4,414,700"
"Jan 9, 2024",4.37,4.39,4.35,4.38,4.04,"2,135,800"
"Jan 8, 2024",4.37,4.4,4.35,4.37,4.03,"686,600"
"Jan 5, 2024",4.39,4.4,4.33,4.35,4.01,"1,344,600"
"Jan 4, 2024",4.35,4.41,4.35,4.39,4.05,"1,168,600"
"Jan 3, 2024",4.35,4.4,4.3,4.38,4.04,"1,885,800"
"Jan 2, 2024",4.43,4.45,4.32,4.37,4.03,"2,021,300"
"Dec 29, 2023",4.45,4.5,4.44,4.46,4.12,"1,594,400"
"Dec 28, 2023",4.46,4.5,4.46,4.49,4.14,"1,694,500"
"Dec 27, 2023",4.44,4.49,4.44,4.47,4.13,"610,900"
"Dec 26, 2023",0.057,,,,,
"Dec 26, 2023",4.48,4.5,4.43,4.44,4.1,"1,545,700"
"Dec 22, 2023",4.51,4.54,4.5,4.52,4.12,"1,317,400"
"Dec 21, 2023",4.48,4.54,4.48,4.52,4.12,"2,303,000"
"Dec 20, 2023",4.55,4.55,4.49,4.49,4.09,"1,568,300"
"Dec 19, 2023",4.55,4.57,4.5,4.5,4.1,"1,412,300"
"Dec 18, 2023",4.56,4.59,4.53,4.55,4.15,"2,033,500"
"Dec 15, 2023",4.56,4.67,4.51,4.56,4.16,"5,197,000"
"Dec 14, 2023",4.56,4.59,4.49,4.54,4.14,"1,299,100"
"Dec 13, 2023",4.44,4.55,4.44,4.53,4.13,"1,381,800"
"Dec 12, 2023",4.49,4.53,4.46,4.49,4.09,"1,264,300"
"Dec 11, 2023",4.41,4.5,4.41,4.48,4.08,"740,200"
"Dec 8, 2023",4.45,4.5,4.4,4.43,4.04,"1,014,000"
"Dec 7, 2023",4.5,4.51,4.42,4.45,4.06,"2,371,800"
"Dec 6, 2023",4.5,4.51,4.46,4.5,4.1,"1,529,500"
"Dec 5, 2023",4.47,4.51,4.46,4.5,4.1,"1,497,700"
"Dec 4, 2023",4.47,4.54,4.47,4.5,4.1,"1,467,500"
"Dec 1, 2023",4.51,4.54,4.46,4.52,4.12,"1,346,300"
"Nov 30, 2023",4.5,4.56,4.46,4.51,4.11,"6,391,100"
"Nov 29, 2023",4.54,4.59,4.5,4.55,4.15,"1,681,800"
"Nov 28, 2023",4.45,4.59,4.45,4.51,4.11,"2,807,900"
"Nov 27, 2023",4.36,4.45,4.36,4.44,4.05,"1,240,700"
"Nov 24, 2023",4.36,4.42,4.34,4.34,3.96,"1,617,100"
"Nov 23, 2023",4.37,4.37,4.35,4.36,3.97,"792,600"
"Nov 22, 2023",4.43,4.43,4.37,4.37,3.98,"811,500"
"Nov 21, 2023",4.37,4.44,4.37,4.43,4.04,"1,679,400"
"Nov 20, 2023",4.37,4.39,4.35,4.37,3.98,"901,300"
"Nov 17, 2023",4.37,4.4,4.37,4.38,3.99,"952,900"
"Nov 16, 2023",4.41,4.41,4.37,4.38,3.99,"1,135,000"
"Nov 15, 2023",4.34,4.44,4.34,4.41,4.02,"2,229,000"
"Nov 14, 2023",4.36,4.41,4.34,4.39,4,"1,138,300"
"Nov 10, 2023",4.35,4.36,4.33,4.33,3.95,"789,600"
"Nov 9, 2023",4.36,4.4,4.34,4.34,3.96,"1,376,700"
"Nov 8, 2023",4.34,4.39,4.34,4.37,3.98,"1,094,800"
"Nov 7, 2023",4.44,4.44,4.34,4.36,3.97,"1,389,200"
"Nov 6, 2023",4.38,4.43,4.37,4.41,4.02,"2,609,200"
"Nov 3, 2023",4.38,4.45,4.34,4.38,3.99,"2,735,700"
"Nov 2, 2023",4.31,4.34,4.3,4.31,3.93,"1,787,100"
"Nov 1, 2023",0.0325,,,,,
"Nov 1, 2023",4.33,4.34,4.26,4.31,3.93,"1,854,300"
"Oct 31, 2023",4.33,4.35,4.31,4.34,3.93,"1,303,700"
"Oct 30, 2023",4.27,4.34,4.27,4.33,3.92,"1,349,900"
"Oct 27, 2023",4.27,4.31,4.26,4.27,3.86,"1,094,500"
"Oct 26, 2023",4.26,4.29,4.25,4.27,3.86,"1,312,700"
"Oct 25, 2023",4.2,4.26,4.2,4.25,3.84,"1,109,000"
"Oct 24, 2023",4.22,4.25,4.17,4.21,3.81,"2,438,000"
"Oct 23, 2023",4.23,4.25,4.19,4.21,3.81,"2,000,100"
"Oct 20, 2023",4.32,4.32,4.23,4.23,3.83,"2,556,400"
"Oct 19, 2023",4.3,4.32,4.26,4.3,3.89,"2,643,200"
"Oct 18, 2023",4.24,4.33,4.22,4.33,3.92,"7,897,000"
"Oct 17, 2023",4.22,4.24,4.2,4.24,3.84,"1,623,400"
"Oct 16, 2023",4.23,4.23,4.19,4.2,3.8,"2,173,700"
"Oct 13, 2023",4.24,4.24,4.22,4.23,3.83,"563,800"
"Oct 12, 2023",4.23,4.27,4.23,4.23,3.83,"1,226,400"
"Oct 11, 2023",4.29,4.3,4.23,4.24,3.84,"1,413,800"
"Oct 10, 2023",4.27,4.3,4.24,4.28,3.87,"1,578,800"
"Oct 9, 2023",4.31,4.31,4.22,4.23,3.83,"1,529,700"
"Oct 6, 2023",4.3,4.31,4.27,4.28,3.87,"1,125,800"
"Oct 5, 2023",4.26,4.3,4.25,4.27,3.86,"1,561,100"
"Oct 4, 2023",4.29,4.31,4.26,4.27,3.86,"2,488,500"
"Oct 3, 2023",4.28,4.34,4.27,4.32,3.91,"1,267,900"
"Oct 2, 2023",4.28,4.33,4.27,4.28,3.87,"563,500"
"Sep 29, 2023",4.29,4.34,4.25,4.28,3.87,"4,783,600"
"Sep 27, 2023",4.31,4.32,4.28,4.29,3.88,"1,764,300"
"Sep 26, 2023",4.33,4.35,4.3,4.33,3.92,"1,577,900"
"Sep 25, 2023",4.35,4.35,4.31,4.33,3.92,"2,196,700"
"Sep 22, 2023",4.35,4.37,4.33,4.35,3.93,"1,478,000"
"Sep 21, 2023",4.43,4.48,4.34,4.35,3.93,"3,493,600"
"Sep 20, 2023",4.4,4.5,4.4,4.46,4.03,"1,359,600"
"Sep 19, 2023",4.45,4.45,4.39,4.41,3.99,"1,266,900"
"Sep 18, 2023",4.56,4.56,4.42,4.45,4.02,"1,948,300"
"Sep 15, 2023",4.41,4.58,4.38,4.58,4.14,"3,671,900"
"Sep 14, 2023",4.38,4.44,4.37,4.4,3.98,"1,530,700"
"Sep 13, 2023",4.3,4.38,4.3,4.36,3.94,"1,267,700"
"Sep 12, 2023",4.3,4.33,4.26,4.31,3.9,"947,100"
"Sep 11, 2023",4.3,4.31,4.28,4.3,3.89,"1,039,400"
"Sep 8, 2023",4.34,4.34,4.29,4.29,3.88,"1,401,500"
"Sep 7, 2023",4.31,4.37,4.31,4.35,3.93,"859,600"
"Sep 6, 2023",4.34,4.36,4.3,4.31,3.9,"1,941,600"
"Sep 5, 2023",4.39,4.43,4.3,4.34,3.93,"1,490,900"
"Sep 4, 2023",4.4,4.45,4.39,4.44,4.02,"615,500"
"Sep 1, 2023",4.5,4.5,4.34,4.4,3.98,"1,321,800"
"Aug 30, 2023",4.36,4.48,4.36,4.39,3.97,"4,894,400"
"Aug 29, 2023",4.36,4.39,4.34,4.38,3.96,"1,538,900"
"Aug 28, 2023",4.34,4.38,4.34,4.38,3.96,"522,000"
"Aug 25, 2023",4.34,4.39,4.33,4.37,3.95,"1,227,600"
"Aug 24, 2023",4.32,4.4,4.28,4.39,3.97,"1,007,100"
"Aug 23, 2023",4.36,4.36,4.3,4.32,3.91,"1,729,000"
"Aug 22, 2023",4.36,4.41,4.35,4.39,3.97,"1,463,100"
"Aug 21, 2023",4.33,4.39,4.33,4.38,3.96,"874,200"
"Aug 18, 2023",4.3,4.39,4.24,4.39,3.97,"1,955,600"
"Aug 17, 2023",4.45,4.45,4.31,4.31,3.9,"2,833,300"
"Aug 16, 2023",4.42,4.45,4.33,4.45,4.02,"1,714,400"
"Aug 15, 2023",4.45,4.48,4.4,4.4,3.98,"1,784,400"
"Aug 14, 2023",4.45,4.49,4.43,4.48,4.05,"951,700"
"Aug 11, 2023",4.45,4.53,4.43,4.49,4.06,"1,993,800"
"Aug 10, 2023",4.5,4.52,4.43,4.5,4.07,"2,709,700"
"Aug 9, 2023",4.56,4.58,4.46,4.56,4.12,"3,091,900"
"Aug 8, 2023",4.44,4.56,4.44,4.54,4.11,"1,957,900"
"Aug 7, 2023",4.47,4.49,4.4,4.47,4.04,"731,700"
"Aug 4, 2023",4.5,4.51,4.41,4.47,4.04,"1,141,200"
"Aug 3, 2023",4.39,4.52,4.39,4.49,4.06,"2,246,600"
"Aug 2, 2023",4.5,4.56,4.4,4.45,4.02,"2,468,600"
"Aug 1, 2023",4.48,4.57,4.48,4.52,4.09,"2,535,400"
"Jul 31, 2023",4.61,4.61,4.5,4.55,4.12,"5,494,700"
"Jul 28, 2023",4.59,4.6,4.54,4.55,4.12,"2,959,700"
"Jul 27, 2023",4.6,4.67,4.57,4.6,4.16,"2,989,500"
"Jul 26, 2023",4.59,4.66,4.57,4.61,4.17,"3,490,500"
"Jul 25, 2023",4.55,4.63,4.5,4.59,4.15,"4,955,400"
"Jul 24, 2023",4.55,4.57,4.49,4.57,4.13,"3,895,600"
"Jul 21, 2023",4.4,4.56,4.4,4.53,4.1,"4,016,900"
"Jul 20, 2023",4.37,4.44,4.36,4.4,3.98,"4,275,800"
"Jul 18, 2023",4.4,4.44,4.35,4.4,3.98,"2,708,500"
"Jul 17, 2023",4.35,4.39,4.32,4.37,3.95,"2,044,600"
"Jul 14, 2023",4.39,4.45,4.37,4.4,3.98,"2,134,800"
"Jul 13, 2023",4.37,4.43,4.34,4.39,3.97,"2,137,300"
"Jul 12, 2023",4.45,4.45,4.33,4.37,3.95,"1,769,300"
"Jul 11, 2023",4.35,4.45,4.34,4.38,3.96,"2,595,900"
"Jul 10, 2023",4.31,4.4,4.3,4.33,3.92,"1,471,700"
"Jul 7, 2023",4.27,4.32,4.25,4.28,3.87,"1,683,200"
"Jul 6, 2023",4.34,4.37,4.26,4.28,3.87,"3,092,200"
"Jul 5, 2023",4.34,4.4,4.33,4.37,3.95,"1,322,300"
"Jul 4, 2023",4.34,4.37,4.28,4.3,3.89,"2,068,500"
"Jul 3, 2023",4.15,4.34,4.14,4.32,3.91,"2,186,600"
"Jun 30, 2023",4.24,4.26,4.1,4.15,3.75,"4,659,700"
"Jun 28, 2023",4.28,4.29,4.22,4.24,3.84,"1,062,500"
"Jun 27, 2023",4.24,4.3,4.24,4.26,3.85,"1,417,200"
"Jun 26, 2023",4.27,4.3,4.24,4.25,3.84,"1,850,200"
"Jun 23, 2023",4.29,4.32,4.27,4.3,3.89,"2,264,700"
"Jun 22, 2023",4.26,4.29,4.22,4.24,3.84,"2,048,600"
"Jun 21, 2023",4.29,4.29,4.25,4.27,3.86,"1,480,300"
"Jun 20, 2023",4.29,4.31,4.25,4.29,3.88,"906,000"
"Jun 19, 2023",4.24,4.38,4.24,4.32,3.91,"817,200"
"Jun 16, 2023",4.24,4.32,4.22,4.27,3.86,"5,206,400"
"Jun 15, 2023",4.29,4.3,4.23,4.26,3.85,"1,972,200"
"Jun 14, 2023",4.26,4.32,4.26,4.3,3.89,"1,268,800"
"Jun 13, 2023",4.33,4.34,4.26,4.3,3.89,"1,664,600"
"Jun 12, 2023",4.26,4.39,4.23,4.33,3.92,"2,847,600"
"Jun 9, 2023",4.22,4.24,4.21,4.23,3.83,"1,811,000"
"Jun 8, 2023",4.26,4.26,4.2,4.23,3.83,"2,619,700"
"Jun 7, 2023",4.39,4.39,4.25,4.27,3.86,"2,878,900"
"Jun 6, 2023",4.21,4.4,4.2,4.39,3.97,"4,388,400"
"Jun 2, 2023",4.22,4.31,4.21,4.22,3.82,"2,245,900"
"Jun 1, 2023",4.19,4.24,4.18,4.22,3.82,"2,308,600"
"May 31, 2023",4.21,4.25,4.21,4.22,3.82,"10,916,200"
"May 30, 2023",4.3,4.3,4.23,4.26,3.85,"4,144,200"
"May 29, 2023",4.22,4.3,4.14,4.25,3.84,"2,566,300"
"May 26, 2023",4.28,4.3,4.11,4.22,3.82,"3,983,200"
"May 25, 2023",4.41,4.41,4.21,4.28,3.87,"3,670,000"
"May 24, 2023",4.41,4.51,4.3,4.41,3.99,"3,262,000"
"May 23, 2023",4.5,4.53,4.41,4.48,4.05,"4,537,700"
"May 22, 2023",4.46,4.56,4.46,4.52,4.09,"4,036,700"
"May 19, 2023",4.45,4.6,4.45,4.5,4.07,"3,883,100"
"May 18, 2023",4.58,4.61,4.53,4.56,4.12,"4,354,900"
"May 17, 2023",4.37,4.62,4.37,4.58,4.14,"5,658,200"
"May 16, 2023",4.37,4.44,4.35,4.41,3.99,"1,067,400"
"May 15, 2023",4.47,4.47,4.37,4.38,3.96,"821,900"
"May 12, 2023",4.43,4.55,4.4,4.46,4.03,"1,365,100"
"May 11, 2023",4.37,4.45,4.37,4.45,4.02,"873,400"
"May 10, 2023",4.39,4.39,4.34,4.37,3.95,"1,065,500"
"May 9, 2023",4.37,4.38,4.26,4.33,3.92,"812,000"
"May 8, 2023",4.38,4.44,4.35,4.39,3.97,"1,096,000"
"May 5, 2023",4.36,4.43,4.32,4.41,3.99,"744,700"
"May 3, 2023",4.32,4.4,4.29,4.36,3.94,"2,156,300"
"May 2, 2023",4.31,4.4,4.31,4.35,3.93,"1,425,600"
"Apr 28, 2023",4.3,4.36,4.26,4.28,3.87,"1,313,000"
"Apr 27, 2023",0.0604,,,,,
"Apr 27, 2023",4.34,4.35,4.27,4.32,3.91,"572,000"
"Apr 26, 2023",4.37,4.44,4.37,4.43,3.95,"2,109,500"
"Apr 25, 2023",4.31,4.48,4.31,4.48,4,"1,395,200"
"Apr 20, 2023",4.33,4.34,4.29,4.31,3.85,"650,100"
"Apr 19, 2023",4.32,4.35,4.28,4.3,3.84,"2,340,800"
"Apr 18, 2023",4.21,4.43,4.2,4.31,3.85,"2,711,600"
"Apr 17, 2023",4.27,4.28,4.2,4.21,3.76,"1,140,200"
"Apr 14, 2023",4.32,4.34,4.25,4.27,3.81,"3,549,600"
"Apr 13, 2023",4.3,4.32,4.26,4.32,3.85,"772,900"
"Apr 12, 2023",4.36,4.37,4.3,4.31,3.85,"614,800"
"Apr 11, 2023",4.31,4.37,4.29,4.36,3.89,"719,600"
"Apr 10, 2023",4.24,4.32,4.24,4.31,3.85,"406,300"
"Apr 7, 2023",4.23,4.25,4.21,4.24,3.78,"560,300"
"Apr 6, 2023",4.22,4.26,4.22,4.23,3.77,"2,946,900"
"Apr 5, 2023",4.23,4.26,4.21,4.23,3.77,"1,043,600"
"Apr 4, 2023",4.3,4.3,4.21,4.21,3.76,"1,405,700"
"Apr 3, 2023",4.29,4.33,4.27,4.29,3.83,"549,900"
"Mar 31, 2023",4.28,4.34,4.25,4.27,3.81,"2,008,500"
"Mar 30, 2023",4.29,4.31,4.24,4.28,3.82,"918,200"
"Mar 29, 2023",4.25,4.3,4.22,4.25,3.79,"830,300"
"Mar 28, 2023",4.19,4.31,4.19,4.3,3.84,"3,181,100"
"Mar 27, 2023",4.21,4.23,4.13,4.16,3.71,"4,385,500"
"Mar 24, 2023",4.21,4.24,4.2,4.22,3.76,"1,451,200"
"Mar 23, 2023",4.22,4.24,4.21,4.23,3.77,"672,800"
"Mar 22, 2023",4.21,4.24,4.21,4.22,3.76,"2,421,400"
"Mar 21, 2023",4.24,4.24,4.19,4.22,3.76,"860,300"
"Mar 20, 2023",4.26,4.26,4.2,4.22,3.76,"1,690,900"
"Mar 17, 2023",4.22,4.28,4.22,4.27,3.81,"3,389,000"
"Mar 16, 2023",4.24,4.27,4.22,4.22,3.76,"1,170,800"
"Mar 15, 2023",4.24,4.24,4.18,4.22,3.76,"1,492,400"
"Mar 14, 2023",4.24,4.28,4.18,4.19,3.74,"2,451,300"
"Mar 13, 2023",4.25,4.29,4.23,4.27,3.81,"838,600"
"Mar 10, 2023",4.3,4.3,4.24,4.25,3.79,"1,167,400"
"Mar 9, 2023",4.42,4.47,4.3,4.3,3.84,"2,808,700"
"Mar 8, 2023",4.5,4.5,4.38,4.47,3.99,"1,647,500"
"Mar 7, 2023",4.32,4.51,4.31,4.51,4.02,"2,559,400"
"Mar 6, 2023",4.28,4.39,4.27,4.3,3.84,"3,515,100"
"Mar 3, 2023",4.28,4.32,4.25,4.26,3.8,"2,341,600"
"Mar 2, 2023",4.23,4.31,4.22,4.3,3.84,"1,558,400"
"Mar 1, 2023",4.23,4.26,4.19,4.25,3.79,"1,391,800"
"Feb 28, 2023",4.29,4.32,4.22,4.23,3.77,"4,530,100"
"Feb 27, 2023",4.32,4.36,4.29,4.3,3.84,"2,488,800"
"Feb 24, 2023",4.31,4.38,4.3,4.33,3.86,"2,570,600"
"Feb 23, 2023",4.37,4.37,4.3,4.3,3.84,"1,826,100"
"Feb 22, 2023",4.37,4.37,4.31,4.33,3.86,"839,500"
"Feb 21, 2023",4.31,4.38,4.31,4.37,3.9,"1,043,500"
"Feb 20, 2023",4.39,4.41,4.3,4.3,3.84,"1,556,600"
"Feb 17, 2023",4.35,4.38,4.3,4.35,3.88,"2,348,700"
"Feb 16, 2023",4.35,4.45,4.35,4.35,3.88,"2,051,500"
"Feb 15, 2023",4.39,4.4,4.34,4.35,3.88,"4,150,600"
"Feb 14, 2023",4.29,4.39,4.28,4.37,3.9,"1,242,500"
"Feb 13, 2023",4.31,4.34,4.24,4.29,3.83,"1,850,200"
"Feb 10, 2023",4.31,4.35,4.3,4.33,3.86,"780,200"
"Feb 9, 2023",4.34,4.35,4.3,4.31,3.85,"1,233,900"
"Feb 8, 2023",4.45,4.45,4.3,4.36,3.89,"889,600"
"Feb 7, 2023",4.5,4.5,4.42,4.45,3.97,"2,836,900"
"Feb 3, 2023",4.49,4.49,4.37,4.43,3.95,"1,261,800"
"Feb 2, 2023",4.35,4.45,4.35,4.45,3.97,"2,153,200"
"Jan 31, 2023",4.3,4.36,4.26,4.33,3.86,"6,523,700"
"Jan 30, 2023",4.33,4.35,4.29,4.34,3.87,"2,381,500"
"Jan 27, 2023",4.38,4.38,4.26,4.28,3.82,"2,653,100"
"Jan 26, 2023",4.38,4.38,4.33,4.35,3.88,"1,108,800"
"Jan 25, 2023",4.45,4.45,4.34,4.34,3.87,"846,600"
"Jan 20, 2023",4.34,4.48,4.34,4.45,3.97,"3,903,200"
"Jan 19, 2023",4.4,4.43,4.34,4.36,3.89,"3,730,200"
"Jan 18, 2023",4.39,4.44,4.37,4.4,3.93,"1,582,400"
"Jan 17, 2023",4.38,4.42,4.36,4.39,3.92,"1,202,000"
"Jan 16, 2023",4.3,4.37,4.3,4.37,3.9,"1,402,800"
"Jan 13, 2023",4.36,4.42,4.27,4.32,3.85,"2,820,200"
"Jan 12, 2023",4.42,4.42,4.36,4.38,3.91,"2,108,500"
"Jan 11, 2023",4.41,4.45,4.37,4.38,3.91,"1,046,300"
"Jan 10, 2023",4.4,4.45,4.33,4.37,3.9,"3,864,000"
"Jan 9, 2023",4.38,4.47,4.38,4.43,3.95,"1,816,100"
"Jan 6, 2023",4.48,4.49,4.37,4.37,3.9,"1,224,000"
"Jan 5, 2023",4.37,4.51,4.33,4.45,3.97,"2,734,400"
"Jan 4, 2023",4.5,4.54,4.35,4.35,3.88,"3,360,300"
"Jan 3, 2023",4.65,4.65,4.5,4.5,4.01,"1,167,800"
"Dec 30, 2022",4.62,4.74,4.53,4.65,4.15,"9,341,600"
"Dec 29, 2022",4.56,4.68,4.48,4.65,4.15,"2,013,600"
"Dec 28, 2022",4.5,4.63,4.46,4.57,4.08,"3,193,800"
"Dec 27, 2022",4.36,4.57,4.35,4.57,4.08,"1,521,400"
"Dec 23, 2022",4.4,4.41,4.35,4.35,3.88,"581,700"
"Dec 22, 2022",4.31,4.42,4.31,4.4,3.93,"1,938,400"
"Dec 21, 2022",4.33,4.39,4.29,4.35,3.88,"1,981,700"
"Dec 20, 2022",4.42,4.42,4.36,4.37,3.9,"3,200,200"
"Dec 19, 2022",4.66,4.66,4.4,4.43,3.95,"4,885,300"
"Dec 16, 2022",4.29,4.77,4.26,4.77,4.26,"7,391,000"
"Dec 15, 2022",4.4,4.4,4.3,4.35,3.88,"1,975,300"
"Dec 14, 2022",4.28,4.4,4.26,4.35,3.88,"3,627,200"
"Dec 13, 2022",4.31,4.35,4.23,4.25,3.79,"4,270,500"
"Dec 12, 2022",4.31,4.37,4.29,4.36,3.89,"1,459,100"
"Dec 9, 2022",4.31,4.37,4.27,4.35,3.88,"2,922,700"
"Dec 8, 2022",4.31,4.37,4.31,4.35,3.88,"1,593,000"
"Dec 7, 2022",4.31,4.37,4.31,4.35,3.88,"3,504,800"
"Dec 6, 2022",4.38,4.44,4.19,4.31,3.85,"4,517,900"
"Dec 5, 2022",4.5,4.52,4.39,4.4,3.93,"2,600,300"
"Dec 2, 2022",4.45,4.53,4.39,4.5,4.01,"4,169,600"
"Dec 1, 2022",4.28,4.45,4.27,4.41,3.93,"4,128,400"
"Nov 30, 2022",4.33,4.37,4.21,4.26,3.8,"16,677,700"
"Nov 29, 2022",4.25,4.4,4.25,4.35,3.88,"7,735,200"
"Nov 25, 2022",4.34,4.37,4.28,4.33,3.86,"4,880,900"
"Nov 24, 2022",4.43,4.43,4.31,4.34,3.87,"4,666,300"
"Nov 23, 2022",4.22,4.43,4.22,4.43,3.95,"3,535,200"
"Nov 22, 2022",4.3,4.35,4.29,4.33,3.86,"5,438,800"
"Nov 21, 2022",4.3,4.38,4.29,4.3,3.84,"3,520,500"
"Nov 17, 2022",4.38,4.4,4.3,4.31,3.85,"1,643,800"
"Nov 16, 2022",4.37,4.42,4.34,4.38,3.91,"764,000"
"Nov 15, 2022",4.45,4.45,4.39,4.45,3.97,"456,300"
"Nov 14, 2022",4.34,4.48,4.34,4.46,3.98,"1,691,400"
"Nov 11, 2022",4.48,4.48,4.33,4.45,3.97,"2,636,400"
"Nov 10, 2022",4.4,4.42,4.33,4.35,3.88,"1,817,300"
"Nov 9, 2022",4.4,4.4,4.33,4.39,3.92,"1,274,500"
"Nov 8, 2022",4.42,4.42,4.28,4.33,3.86,"1,954,400"
"Nov 7, 2022",4.38,4.4,4.29,4.36,3.89,"2,185,600"
"Nov 4, 2022",4.25,4.37,4.21,4.36,3.89,"1,864,900"
"Nov 3, 2022",0.1,,,,,
"Nov 3, 2022",4.28,4.35,4.14,4.25,3.79,"4,489,200"
"Nov 2, 2022",4.35,4.41,4.3,4.37,3.81,"2,568,400"
"Nov 1, 2022",4.44,4.44,4.28,4.33,3.77,"2,908,200"
"Oct 31, 2022",4.35,4.5,4.35,4.4,3.84,"3,212,500"
"Oct 28, 2022",4.41,4.46,4.33,4.35,3.79,"1,895,200"
"Oct 27, 2022",4.5,4.58,4.43,4.44,3.87,"2,384,900"
"Oct 26, 2022",4.42,4.53,4.42,4.5,3.92,"4,818,900"
"Oct 25, 2022",4.4,4.47,4.37,4.42,3.85,"3,462,400"
"Oct 21, 2022",4.4,4.47,4.37,4.42,3.85,"2,774,700"
"Oct 20, 2022",4.24,4.49,4.24,4.4,3.84,"6,895,100"
"Oct 19, 2022",4.15,4.27,4.12,4.25,3.7,"4,541,000"
"Oct 18, 2022",4.08,4.17,4.03,4.14,3.61,"2,790,700"
"Oct 17, 2022",4.03,4.07,3.96,4.03,3.51,"1,669,300"
"Oct 14, 2022",3.98,4.08,3.95,4.03,3.51,"2,499,400"
"Oct 13, 2022",3.93,3.95,3.9,3.94,3.43,"1,397,300"
"Oct 12, 2022",3.97,3.98,3.86,3.93,3.43,"6,314,200"
"Oct 11, 2022",4.03,4.05,3.9,4.02,3.5,"3,917,800"
"Oct 7, 2022",4.22,4.22,4.04,4.04,3.52,"1,896,400"
"Oct 6, 2022",4.2,4.22,4.14,4.17,3.64,"813,300"
"Oct 5, 2022",4.08,4.2,4.08,4.2,3.66,"1,331,700"
"Oct 4, 2022",4.15,4.15,4.04,4.04,3.52,"926,100"
"Oct 3, 2022",4.09,4.18,3.99,4.16,3.63,"1,395,800"
"Sep 30, 2022",4.15,4.17,4.06,4.09,3.57,"2,044,300"
"Sep 29, 2022",4.12,4.18,4.11,4.15,3.62,"1,963,800"
"Sep 28, 2022",4.29,4.29,4.06,4.08,3.56,"4,242,500"
"Sep 27, 2022",4.32,4.4,4.26,4.27,3.72,"2,283,600"
"Sep 26, 2022",4.31,4.43,4.31,4.34,3.78,"3,178,300"
"Sep 23, 2022",4.34,4.4,4.32,4.33,3.77,"1,244,700"
"Sep 22, 2022",4.32,4.41,4.32,4.38,3.82,"2,064,100"
"Sep 21, 2022",4.4,4.4,4.33,4.34,3.78,"3,460,100"
"Sep 20, 2022",4.43,4.46,4.32,4.44,3.87,"1,483,800"
"Sep 19, 2022",4.46,4.47,4.32,4.37,3.81,"3,038,800"
"Sep 15, 2022",4.33,4.38,4.31,4.34,3.78,"5,490,900"
"Sep 14, 2022",4.29,4.39,4.29,4.33,3.77,"1,280,000"
"Sep 13, 2022",4.33,4.42,4.26,4.39,3.83,"2,662,400"
"Sep 12, 2022",4.27,4.37,4.27,4.33,3.77,"1,312,700"
"Sep 9, 2022",4.25,4.33,4.24,4.27,3.72,"1,689,300"
"Sep 8, 2022",4.25,4.33,4.24,4.3,3.75,"3,304,500"
"Sep 7, 2022",4.29,4.29,4.21,4.29,3.74,"1,261,800"
"Sep 6, 2022",4.25,4.32,4.22,4.28,3.73,"3,252,100"
"Sep 5, 2022",4.15,4.29,4.1,4.25,3.7,"1,379,600"
"Sep 2, 2022",4.29,4.3,4.1,4.15,3.62,"3,182,700"
"Sep 1, 2022",4.68,4.7,4.19,4.22,3.68,"5,825,900"
"Aug 30, 2022",4.38,4.54,4.32,4.46,3.89,"5,949,200"
"Aug 29, 2022",4.22,4.5,4.21,4.39,3.83,"3,861,000"
"Aug 26, 2022",4.18,4.33,4.15,4.27,3.72,"2,758,900"
"Aug 25, 2022",4.13,4.23,4.09,4.17,3.64,"5,560,000"
"Aug 24, 2022",4.46,4.48,4.09,4.11,3.58,"3,696,300"
"Aug 23, 2022",4.47,4.47,4.35,4.4,3.84,"2,239,900"
"Aug 22, 2022",4.61,4.61,4.43,4.5,3.92,"2,254,500"
"Aug 19, 2022",4.72,4.76,4.57,4.61,4.02,"3,247,000"
"Aug 18, 2022",4.66,4.72,4.57,4.71,4.11,"3,009,700"
"Aug 17, 2022",4.62,4.74,4.62,4.68,4.08,"2,988,500"
"Aug 16, 2022",4.51,4.7,4.51,4.69,4.09,"4,100,300"
"Aug 15, 2022",4.66,4.68,4.56,4.56,3.98,"1,474,900"
"Aug 12, 2022",4.55,4.69,4.54,4.64,4.04,"2,786,100"
"Aug 11, 2022",4.54,4.59,4.48,4.55,3.97,"1,662,000"
"Aug 10, 2022",4.37,4.54,4.37,4.52,3.94,"2,803,800"
"Aug 9, 2022",4.46,4.5,4.41,4.45,3.88,"2,614,400"
"Aug 8, 2022",4.45,4.49,4.42,4.46,3.89,"1,607,900"
"Aug 5, 2022",4.36,4.5,4.36,4.46,3.89,"1,676,500"
"Aug 4, 2022",4.3,4.44,4.3,4.42,3.85,"3,405,300"
"Aug 3, 2022",4.33,4.39,4.3,4.36,3.8,"1,963,200"
"Aug 2, 2022",4.4,4.53,4.27,4.35,3.79,"3,404,000"
"Aug 1, 2022",4.38,4.47,4.31,4.4,3.84,"2,556,600"
"Jul 29, 2022",4.24,4.46,4.24,4.36,3.8,"5,656,600"
"Jul 28, 2022",4.16,4.25,4.15,4.23,3.69,"1,781,800"
"Jul 27, 2022",4.21,4.22,4.12,4.17,3.64,"1,936,200"
"Jul 26, 2022",4.23,4.23,4.15,4.17,3.64,"1,539,100"
"Jul 25, 2022",4.2,4.22,4.16,4.22,3.68,"353,600"
"Jul 22, 2022",4.22,4.28,4.13,4.19,3.65,"2,990,900"
"Jul 21, 2022",4.13,4.32,4.13,4.26,3.71,"2,820,800"
"Jul 20, 2022",4.2,4.25,4.12,4.19,3.65,"2,512,500"
"Jul 19, 2022",4.19,4.22,4.09,4.18,3.64,"2,695,000"
"Jul 18, 2022",4.16,4.17,4.05,4.17,3.64,"1,786,400"
"Jul 15, 2022",4.03,4.12,3.99,4.08,3.56,"884,100"
"Jul 14, 2022",4,4.1,4,4.09,3.57,"2,070,700"
"Jul 13, 2022",4.1,4.18,4.07,4.09,3.57,"3,082,800"
"Jul 12, 2022",4.07,4.13,3.97,4.13,3.6,"1,134,400"
"Jul 8, 2022",4.06,4.11,3.99,4.07,3.55,"3,659,500"
"Jul 7, 2022",3.83,4.15,3.83,4.05,3.53,"5,114,000"
"Jul 6, 2022",4.25,4.3,3.82,3.83,3.34,"7,921,800"
"Jul 5, 2022",4.36,4.38,4.2,4.26,3.71,"5,139,700"
"Jul 4, 2022",4.32,4.36,4.27,4.28,3.73,"2,295,800"
"Jul 1, 2022",4.33,4.39,4.28,4.32,3.77,"2,121,200"
"Jun 30, 2022",4.38,4.42,4.28,4.33,3.77,"5,661,600"
"Jun 29, 2022",4.45,4.45,4.3,4.33,3.77,"3,632,900"
"Jun 28, 2022",4.32,4.47,4.19,4.43,3.86,"4,868,000"
"Jun 27, 2022",4.13,4.34,4.13,4.3,3.75,"3,284,000"
"Jun 24, 2022",4.27,4.33,4.14,4.22,3.68,"6,337,900"
"Jun 23, 2022",4.1,4.32,4.09,4.29,3.74,"5,365,200"
"Jun 22, 2022",4.42,4.45,4.02,4.04,3.52,"10,678,600"
"Jun 21, 2022",4.35,4.46,4.35,4.42,3.85,"3,899,900"
"Jun 20, 2022",4.42,4.49,4.32,4.45,3.88,"1,677,200"
"Jun 17, 2022",4.5,4.5,4.34,4.46,3.89,"9,065,500"
"Jun 16, 2022",4.61,4.7,4.43,4.54,3.96,"5,884,200"
"Jun 15, 2022",4.82,4.82,4.54,4.6,4.01,"4,599,100"
"Jun 14, 2022",4.44,4.85,4.44,4.79,4.18,"5,536,200"
"Jun 13, 2022",4.55,4.63,4.4,4.52,3.94,"8,310,800"
"Jun 10, 2022",4.74,4.74,4.58,4.64,4.04,"5,388,600"
"Jun 9, 2022",4.83,4.85,4.68,4.71,4.11,"3,089,000"
"Jun 8, 2022",4.7,4.92,4.7,4.83,4.21,"4,962,400"
"Jun 7, 2022",4.89,4.93,4.68,4.7,4.1,"7,254,900"
"Jun 3, 2022",4.91,4.93,4.84,4.91,4.28,"2,099,400"
"Jun 2, 2022",4.98,4.98,4.81,4.88,4.25,"3,510,200"
"Jun 1, 2022",5.06,5.06,4.9,4.91,4.28,"1,921,800"
"May 31, 2022",4.94,5.07,4.91,5.03,4.38,"30,234,000"
"May 30, 2022",5.02,5.1,4.96,4.98,4.34,"3,118,100"
"May 27, 2022",5.05,5.09,4.99,5.05,4.4,"3,956,600"
"May 26, 2022",5.05,5.08,4.91,5.01,4.37,"5,112,500"
"May 25, 2022",4.97,5.09,4.97,5.07,4.42,"3,665,800"
"May 24, 2022",5.1,5.1,4.97,5.02,4.38,"5,528,000"
"May 23, 2022",5.19,5.19,5,5.02,4.38,"8,737,000"
"May 20, 2022",5.23,5.25,5.1,5.18,4.52,"5,869,800"
"May 19, 2022",5.2,5.29,5.19,5.23,4.56,"7,994,200"
"May 18, 2022",5.24,5.3,5.18,5.22,4.55,"5,530,700"
"May 17, 2022",5.15,5.25,5.13,5.24,4.57,"10,730,300"
"May 13, 2022",5.1,5.18,5.05,5.12,4.46,"12,998,800"
"May 12, 2022",5.04,5.15,4.86,4.9,4.27,"7,534,600"
"May 11, 2022",4.9,5.01,4.9,4.99,4.35,"9,441,800"
"May 10, 2022",4.88,4.96,4.78,4.9,4.27,"13,654,000"
"May 9, 2022",5.09,5.09,4.89,4.92,4.29,"10,273,700"
"May 6, 2022",5.19,5.29,5.09,5.09,4.44,"6,277,800"
"May 5, 2022",5.27,5.36,5.22,5.27,4.59,"5,701,400"
"Apr 29, 2022",5.29,5.29,5.17,5.24,4.57,"6,539,800"
"Apr 28, 2022",5.27,5.3,5.2,5.23,4.56,"6,587,900"
"Apr 27, 2022",0.1238,,,,,
"Apr 27, 2022",5.12,5.24,5.09,5.2,4.53,"5,070,700"
"Apr 26, 2022",5.37,5.43,5.11,5.25,4.47,"14,392,100"
"Apr 25, 2022",5.35,5.46,5.34,5.34,4.55,"25,053,300"
"Apr 22, 2022",5.27,5.27,5.2,5.25,4.47,"5,807,600"
"Apr 21, 2022",5.34,5.37,5.23,5.25,4.47,"6,063,900"
"Apr 20, 2022",5.17,5.35,5.16,5.34,4.55,"18,019,800"
"Apr 18, 2022",5.09,5.2,5.06,5.15,4.38,"8,995,200"
"Apr 15, 2022",5.3,5.37,4.97,5.07,4.32,"11,928,600"
"Apr 14, 2022",5.36,5.42,5.3,5.3,4.51,"8,576,500"
"Apr 13, 2022",5.3,5.35,5.27,5.3,4.51,"12,439,900"
"Apr 12, 2022",5.3,5.31,5.25,5.26,4.48,"7,994,600"
"Apr 11, 2022",5.25,5.43,5.25,5.3,4.51,"7,284,300"
"Apr 8, 2022",5.25,5.29,5.22,5.25,4.47,"2,746,800"
"Apr 7, 2022",5.28,5.35,5.25,5.25,4.47,"9,364,600"
"Apr 6, 2022",5.12,5.29,5.12,5.27,4.49,"6,296,600"
"Apr 5, 2022",5.11,5.18,5.05,5.13,4.37,"3,440,500"
"Apr 4, 2022",4.93,5.1,4.9,5.08,4.32,"3,159,200"
"Apr 1, 2022",4.95,5.08,4.91,4.95,4.21,"2,650,400"
"Mar 31, 2022",5.03,5.03,4.91,4.97,4.23,"5,772,200"
"Mar 30, 2022",5.01,5.05,4.96,5,4.26,"1,803,600"
"Mar 29, 2022",5.06,5.06,4.98,5.01,4.26,"4,494,300"
"Mar 28, 2022",5.09,5.11,4.99,5.05,4.3,"1,636,300"
"Mar 25, 2022",5.08,5.18,5.01,5.14,4.38,"5,553,400"
"Mar 24, 2022",5,5.08,4.97,5.05,4.3,"8,298,200"
"Mar 23, 2022",5.07,5.13,5.04,5.05,4.3,"10,814,000"
"Mar 22, 2022",4.99,5.21,4.99,5.07,4.32,"9,535,600"
"Mar 21, 2022",4.94,5,4.94,4.98,4.24,"1,865,400"
"Mar 18, 2022",4.9,5.02,4.88,4.98,4.24,"9,714,800"
"Mar 17, 2022",4.99,5.05,4.85,4.9,4.17,"7,038,800"
"Mar 16, 2022",4.95,5.08,4.93,4.98,4.24,"5,060,200"
"Mar 15, 2022",4.96,5.05,4.87,4.95,4.21,"2,891,000"
"Mar 14, 2022",5.15,5.15,5,5.05,4.3,"4,177,600"
"Mar 11, 2022",5.18,5.19,5.13,5.17,4.4,"7,203,400"
"Mar 10, 2022",5.28,5.28,5.09,5.18,4.41,"14,534,600"
"Mar 9, 2022",5.05,5.37,4.93,5.3,4.51,"19,876,900"
"Mar 8, 2022",5.1,5.14,4.84,5.05,4.3,"10,454,700"
"Mar 7, 2022",5.1,5.23,5.01,5.11,4.35,"16,264,400"
"Mar 4, 2022",5.27,5.29,5.08,5.1,4.34,"10,724,100"
"Mar 3, 2022",5.25,5.36,5.16,5.26,4.48,"23,520,200"
"Mar 2, 2022",4.94,5.27,4.94,5.22,4.44,"26,094,500"
"Mar 1, 2022",4.9,4.98,4.85,4.91,4.18,"6,508,100"
"Feb 28, 2022",4.83,5.09,4.78,4.91,4.18,"15,880,400"
"Feb 25, 2022",4.84,4.88,4.74,4.78,4.07,"6,056,300"
"Feb 24, 2022",4.66,4.9,4.63,4.8,4.09,"10,388,800"
"Feb 23, 2022",4.6,4.78,4.58,4.65,3.96,"9,143,300"
"Feb 22, 2022",4.61,4.71,4.52,4.65,3.96,"8,007,800"
"Feb 21, 2022",4.89,4.93,4.53,4.58,3.9,"9,098,000"
"Feb 18, 2022",4.91,4.98,4.81,4.9,4.17,"16,503,000"
"Feb 17, 2022",4.7,4.93,4.68,4.91,4.18,"27,767,200"
"Feb 16, 2022",4.69,4.69,4.48,4.64,3.95,"14,856,800"
"Feb 15, 2022",4.24,4.71,4.24,4.69,3.99,"31,084,600"
"Feb 14, 2022",4.24,4.26,4.14,4.24,3.61,"11,915,200"
"Feb 11, 2022",3.88,4.3,3.83,4.23,3.6,"20,985,800"
"Feb 10, 2022",3.66,3.92,3.66,3.92,3.34,"8,995,000"
"Feb 9, 2022",3.59,3.7,3.58,3.66,3.12,"4,435,800"
"Feb 8, 2022",3.58,3.59,3.54,3.57,3.04,"4,334,500"
"Feb 7, 2022",3.55,3.6,3.53,3.57,3.04,"4,220,700"
"Feb 4, 2022",3.55,3.56,3.51,3.52,3,"2,083,400"
"Feb 3, 2022",3.55,3.63,3.51,3.56,3.03,"6,419,000"
"Jan 31, 2022",3.73,3.81,3.53,3.53,3,"5,891,200"
"Jan 28, 2022",3.79,3.85,3.79,3.83,3.26,"241,600"
"Jan 27, 2022",3.82,3.83,3.76,3.8,3.23,"1,083,700"
"Jan 26, 2022",3.9,3.92,3.82,3.82,3.25,"1,598,100"
"Jan 25, 2022",3.93,3.98,3.86,3.88,3.3,"1,974,600"
"Jan 24, 2022",3.95,4.01,3.91,4,3.4,"1,086,300"
"Jan 21, 2022",3.96,4.02,3.95,3.97,3.38,"756,400"
"Jan 20, 2022",4,4.02,3.94,3.98,3.39,"3,773,300"
"Jan 19, 2022",3.95,4.03,3.9,3.98,3.39,"1,267,700"
"Jan 17, 2022",4.07,4.07,3.95,3.97,3.38,"1,331,600"
"Jan 14, 2022",4.02,4.07,3.99,4.07,3.46,"828,700"
"Jan 13, 2022",3.94,4.08,3.94,4.04,3.44,"1,956,700"
"Jan 12, 2022",4.02,4.03,3.92,3.96,3.37,"1,838,900"
"Jan 11, 2022",4.01,4.04,3.95,4.03,3.43,"1,680,600"
"Jan 10, 2022",3.94,4.02,3.88,4.02,3.42,"2,723,800"
"Jan 7, 2022",3.8,3.95,3.76,3.94,3.35,"1,851,800"
"Jan 6, 2022",3.77,3.85,3.75,3.79,3.23,"2,035,000"
"Jan 5, 2022",3.84,3.86,3.74,3.79,3.23,"2,226,600"
"Jan 4, 2022",3.83,3.87,3.77,3.84,3.27,"1,510,500"
"Jan 3, 2022",3.76,3.86,3.76,3.84,3.27,"769,200"
"Dec 31, 2021",3.78,3.79,3.71,3.76,3.2,"2,482,300"
"Dec 30, 2021",3.72,3.8,3.72,3.8,3.23,"904,300"
"Dec 29, 2021",3.82,3.82,3.69,3.76,3.2,"2,242,400"
"Dec 28, 2021",3.82,3.82,3.74,3.79,3.23,"1,775,800"
"Dec 27, 2021",3.73,3.82,3.72,3.77,3.21,"1,130,600"
"Dec 24, 2021",3.77,3.79,3.7,3.71,3.16,"649,300"
"Dec 23, 2021",3.6,3.8,3.6,3.8,3.23,"3,221,400"
"Dec 22, 2021",3.62,3.67,3.57,3.63,3.09,"1,473,200"
"Dec 21, 2021",3.55,3.63,3.53,3.63,3.09,"2,432,800"
"Dec 20, 2021",3.55,3.63,3.51,3.54,3.01,"2,522,100"
"Dec 17, 2021",3.55,3.64,3.46,3.64,3.1,"18,195,700"
"Dec 16, 2021",3.63,3.7,3.55,3.56,3.03,"5,307,000"
"Dec 15, 2021",3.7,3.7,3.59,3.61,3.07,"7,444,300"
"Dec 14, 2021",3.76,3.76,3.68,3.71,3.16,"2,876,100"
"Dec 13, 2021",3.75,3.8,3.74,3.77,3.21,"2,871,100"
"Dec 10, 2021",3.86,3.88,3.72,3.75,3.19,"1,705,900"
"Dec 9, 2021",3.76,3.85,3.73,3.85,3.28,"1,866,900"
"Dec 8, 2021",3.77,3.86,3.71,3.76,3.2,"4,257,900"
"Dec 7, 2021",3.75,3.81,3.72,3.75,3.19,"1,984,000"
"Dec 6, 2021",3.81,3.89,3.7,3.77,3.21,"3,483,100"
"Dec 2, 2021",3.75,3.83,3.68,3.79,3.23,"1,922,400"
"Dec 1, 2021",3.68,3.75,3.6,3.73,3.17,"2,856,100"
"Nov 30, 2021",3.71,3.8,3.65,3.68,3.13,"8,052,300"
"Nov 29, 2021",3.7,3.72,3.63,3.68,3.13,"3,414,700"
"Nov 26, 2021",3.85,3.85,3.7,3.73,3.17,"2,837,100"
"Nov 25, 2021",3.87,3.92,3.81,3.86,3.29,"1,260,900"
"Nov 24, 2021",3.86,3.9,3.84,3.88,3.3,"1,502,300"
"Nov 23, 2021",3.97,4.04,3.86,3.89,3.31,"2,575,500"
"Nov 22, 2021",3.92,4.03,3.91,4.01,3.41,"2,062,500"
"Nov 19, 2021",3.97,4.1,3.91,3.96,3.37,"2,042,400"
"Nov 18, 2021",3.87,4,3.82,3.96,3.37,"2,549,000"
"Nov 17, 2021",3.89,3.9,3.83,3.87,3.29,"957,600"
"Nov 16, 2021",3.89,3.96,3.86,3.86,3.29,"2,878,200"
"Nov 15, 2021",4.01,4.01,3.85,3.89,3.31,"1,743,700"
"Nov 12, 2021",3.94,4.05,3.91,4.02,3.42,"1,447,400"
"Nov 11, 2021",4,4.01,3.9,3.92,3.34,"3,003,000"
"Nov 10, 2021",4.04,4.04,3.95,4,3.4,"1,385,100"
"Nov 9, 2021",4.06,4.09,4.01,4.03,3.43,"1,599,000"
"Nov 8, 2021",4.15,4.15,4.02,4.06,3.46,"1,562,700"
"Nov 5, 2021",4.16,4.22,4.05,4.1,3.49,"2,995,100"
"Nov 3, 2021",4.26,4.26,4.09,4.17,3.55,"3,119,100"
"Nov 2, 2021",4.02,4.25,4.02,4.25,3.62,"4,062,000"
"Nov 1, 2021",3.98,4.04,3.88,4,3.4,"3,123,000"
"Oct 29, 2021",4.1,4.12,3.96,4.01,3.41,"2,572,400"
"Oct 28, 2021",4.2,4.2,4.1,4.14,3.52,"1,936,100"
"Oct 27, 2021",0.079,,,,,
"Oct 27, 2021",4.23,4.23,4.13,4.2,3.57,"1,593,800"
"Oct 26, 2021",4.28,4.34,4.24,4.28,3.58,"1,930,000"
"Oct 25, 2021",4.25,4.37,4.25,4.28,3.58,"1,921,900"
"Oct 22, 2021",4.35,4.35,4.26,4.28,3.58,"2,314,000"
"Oct 21, 2021",4.3,4.37,4.26,4.31,3.6,"7,819,400"
"Oct 20, 2021",4.35,4.38,4.28,4.29,3.58,"4,706,700"
"Oct 18, 2021",4.35,4.43,4.33,4.35,3.63,"5,274,000"
"Oct 15, 2021",4.33,4.39,4.28,4.35,3.63,"3,447,400"
"Oct 14, 2021",4.43,4.43,4.27,4.31,3.6,"4,477,800"
"Oct 13, 2021",4.26,4.5,4.22,4.45,3.72,"10,727,700"
"Oct 12, 2021",4.27,4.32,4.2,4.26,3.56,"8,065,600"
"Oct 11, 2021",4.27,4.32,4.24,4.27,3.57,"7,429,300"
"Oct 8, 2021",4.19,4.28,4.12,4.24,3.54,"5,758,600"
"Oct 7, 2021",4.19,4.24,4.11,4.19,3.5,"6,956,400"
"Oct 6, 2021",3.68,4.25,3.68,4.2,3.51,"34,330,100"
"Oct 5, 2021",3.6,3.68,3.58,3.66,3.06,"5,378,800"
"Oct 4, 2021",3.64,3.65,3.58,3.61,3.02,"3,053,400"
"Oct 1, 2021",3.59,3.65,3.57,3.64,3.04,"7,497,500"
"Sep 30, 2021",3.61,3.67,3.57,3.58,2.99,"7,062,900"
"Sep 29, 2021",3.58,3.65,3.54,3.63,3.03,"3,035,200"
"Sep 28, 2021",3.67,3.67,3.59,3.61,3.02,"4,894,900"
"Sep 27, 2021",3.63,3.67,3.6,3.63,3.03,"3,467,100"
"Sep 24, 2021",3.68,3.68,3.58,3.61,3.02,"3,363,000"
"Sep 23, 2021",3.56,3.68,3.53,3.67,3.07,"6,076,400"
"Sep 22, 2021",3.57,3.59,3.5,3.56,2.97,"4,633,800"
"Sep 21, 2021",3.48,3.59,3.48,3.57,2.98,"8,590,900"
"Sep 20, 2021",3.8,3.8,3.44,3.45,2.88,"8,320,100"
"Sep 17, 2021",3.84,3.88,3.75,3.8,3.17,"10,121,400"
"Sep 15, 2021",3.84,3.9,3.81,3.86,3.22,"2,369,800"
"Sep 14, 2021",3.92,3.92,3.81,3.84,3.21,"2,663,300"
"Sep 13, 2021",3.91,3.93,3.87,3.9,3.26,"1,762,800"
"Sep 10, 2021",3.93,3.97,3.9,3.91,3.27,"2,064,500"
"Sep 9, 2021",3.94,3.98,3.91,3.91,3.27,"3,663,000"
"Sep 8, 2021",3.88,3.99,3.86,3.99,3.33,"4,135,100"
"Sep 7, 2021",3.92,3.95,3.87,3.9,3.26,"1,706,200"
"Sep 6, 2021",4,4.01,3.9,3.94,3.29,"1,499,600"
"Sep 3, 2021",4.02,4.05,3.91,3.98,3.33,"2,128,700"
"Sep 2, 2021",4.11,4.15,4,4,3.34,"4,998,900"
"Sep 1, 2021",4,4.17,3.96,4.11,3.43,"7,446,800"
"Aug 30, 2021",4.15,4.2,4.02,4.03,3.37,"9,411,900"
"Aug 27, 2021",4.16,4.21,4.12,4.17,3.48,"3,542,900"
"Aug 26, 2021",4.11,4.24,4.11,4.16,3.48,"5,577,800"
"Aug 25, 2021",4.16,4.23,4.09,4.11,3.43,"3,587,100"
"Aug 24, 2021",3.92,4.18,3.88,4.16,3.48,"5,910,100"
"Aug 23, 2021",3.95,3.98,3.88,3.91,3.27,"1,903,500"
"Aug 20, 2021",3.8,4.12,3.8,3.92,3.28,"5,060,800"
"Aug 19, 2021",3.9,3.93,3.75,3.79,3.17,"5,149,400"
"Aug 18, 2021",3.77,3.96,3.71,3.85,3.22,"6,039,300"
"Aug 17, 2021",3.63,3.8,3.63,3.74,3.12,"4,927,500"
"Aug 16, 2021",3.51,3.64,3.47,3.63,3.03,"1,846,000"
"Aug 13, 2021",3.51,3.53,3.46,3.51,2.93,"1,751,900"
"Aug 12, 2021",3.45,3.5,3.45,3.47,2.9,"1,436,300"
"Aug 11, 2021",3.43,3.52,3.43,3.48,2.91,"1,823,200"
"Aug 9, 2021",3.49,3.49,3.42,3.43,2.87,"1,616,600"
"Aug 6, 2021",3.44,3.5,3.4,3.5,2.92,"4,234,800"
"Aug 5, 2021",3.4,3.44,3.36,3.44,2.87,"2,271,700"
"Aug 4, 2021",3.38,3.4,3.31,3.37,2.82,"2,163,500"
"Aug 3, 2021",3.33,3.41,3.3,3.41,2.85,"2,369,000"
"Aug 2, 2021",3.43,3.43,3.27,3.3,2.76,"5,640,700"
"Jul 30, 2021",3.63,3.63,3.4,3.4,2.84,"4,903,400"
"Jul 29, 2021",3.57,3.63,3.54,3.63,3.03,"1,733,000"
"Jul 28, 2021",3.6,3.64,3.54,3.56,2.97,"5,476,800"
"Jul 27, 2021",3.61,3.68,3.57,3.58,2.99,"2,584,700"
"Jul 26, 2021",3.66,3.67,3.58,3.58,2.99,"1,159,900"
"Jul 23, 2021",3.68,3.73,3.65,3.65,3.05,"984,800"
"Jul 22, 2021",3.62,3.7,3.6,3.69,3.08,"2,396,400"
"Jul 21, 2021",3.71,3.71,3.58,3.6,3.01,"3,827,400"
"Jul 19, 2021",3.61,3.74,3.61,3.69,3.08,"2,395,600"
"Jul 16, 2021",3.6,3.66,3.55,3.6,3.01,"4,523,900"
"Jul 15, 2021",3.71,3.73,3.56,3.56,2.97,"3,962,700"
"Jul 14, 2021",3.8,3.8,3.7,3.74,3.12,"2,066,200"
"Jul 13, 2021",3.81,3.83,3.77,3.8,3.17,"1,281,500"
"Jul 12, 2021",3.86,3.88,3.77,3.8,3.17,"1,415,300"
"Jul 9, 2021",3.82,3.89,3.82,3.84,3.21,"2,131,200"
"Jul 8, 2021",3.94,3.94,3.81,3.85,3.22,"4,161,100"
"Jul 7, 2021",3.94,3.97,3.92,3.94,3.29,"2,739,600"
"Jul 6, 2021",4,4.01,3.94,3.95,3.3,"1,523,300"
"Jul 5, 2021",3.99,4.02,3.91,4,3.34,"1,394,900"
"Jul 2, 2021",4.05,4.05,3.97,3.98,3.33,"1,634,700"
"Jul 1, 2021",3.98,4.1,3.95,4.06,3.39,"3,153,900"
"Jun 30, 2021",4.09,4.12,3.98,3.98,3.33,"4,222,900"
"Jun 29, 2021",4.08,4.15,4.06,4.11,3.43,"1,434,300"
"Jun 28, 2021",4.19,4.19,4.06,4.08,3.41,"1,679,700"
"Jun 25, 2021",4.14,4.19,4.12,4.19,3.5,"978,300"
"Jun 24, 2021",4.16,4.18,4.1,4.14,3.46,"1,965,300"
"Jun 23, 2021",4.14,4.15,4.1,4.14,3.46,"978,800"
"Jun 22, 2021",4.18,4.18,4.12,4.14,3.46,"1,362,100"
"Jun 21, 2021",4.3,4.3,4.15,4.15,3.47,"1,364,700"
"Jun 18, 2021",4.12,4.4,4.07,4.4,3.68,"7,773,600"
"Jun 17, 2021",4.1,4.12,4.05,4.11,3.43,"1,923,200"
"Jun 16, 2021",4.14,4.14,4.05,4.1,3.43,"3,141,800"
"Jun 15, 2021",4.17,4.19,4.11,4.14,3.46,"1,944,600"
"Jun 14, 2021",4.15,4.23,4.11,4.17,3.48,"2,132,200"
"Jun 11, 2021",4.27,4.27,4.11,4.13,3.45,"2,766,100"
"Jun 10, 2021",4.26,4.3,4.23,4.23,3.53,"811,400"
"Jun 9, 2021",4.39,4.39,4.25,4.25,3.55,"2,611,100"
"Jun 8, 2021",4.4,4.43,4.33,4.38,3.66,"2,779,500"
"Jun 4, 2021",4.45,4.45,4.34,4.38,3.66,"2,446,700"
"Jun 3, 2021",4.49,4.55,4.45,4.45,3.72,"1,000,400"
"Jun 2, 2021",4.46,4.54,4.46,4.54,3.79,"962,100"
"Jun 1, 2021",4.5,4.52,4.47,4.5,3.76,"488,700"
"May 31, 2021",4.45,4.59,4.44,4.55,3.8,"1,209,700"
"May 28, 2021",4.48,4.65,4.48,4.54,3.79,"2,140,000"
"May 27, 2021",4.56,4.7,4.44,4.55,3.8,"25,015,300"
"May 25, 2021",4.45,4.59,4.45,4.5,3.76,"2,762,900"
"May 24, 2021",4.43,4.6,4.43,4.51,3.77,"3,158,000"
"May 21, 2021",4.46,4.5,4.41,4.43,3.7,"2,105,600"
"May 20, 2021",4.42,4.52,4.42,4.45,3.72,"2,096,500"
"May 19, 2021",4.45,4.48,4.4,4.41,3.68,"3,280,400"
"May 18, 2021",4.48,4.54,4.4,4.47,3.73,"4,171,200"
"May 17, 2021",4.59,4.68,4.5,4.5,3.76,"3,666,100"
"May 12, 2021",4.62,4.67,4.46,4.56,3.81,"5,456,700"
"May 11, 2021",4.66,4.72,4.64,4.67,3.9,"613,000"
"May 10, 2021",4.74,4.79,4.72,4.77,3.99,"1,810,800"
"May 7, 2021",4.6,4.73,4.55,4.71,3.94,"1,577,500"
"May 6, 2021",4.54,4.59,4.46,4.59,3.83,"1,945,700"
"May 5, 2021",4.55,4.55,4.5,4.54,3.79,"1,310,800"
"May 4, 2021",4.51,4.57,4.5,4.55,3.8,"1,395,800"
"May 3, 2021",0.0213,,,,,
"May 3, 2021",4.51,4.53,4.49,4.5,3.76,"1,484,500"
"Apr 30, 2021",4.49,4.54,4.42,4.54,3.78,"4,033,700"
"Apr 28, 2021",4.5,4.52,4.45,4.49,3.73,"1,332,800"
"Apr 27, 2021",0.0542,,,,,
"Apr 27, 2021",4.53,4.53,4.48,4.5,3.74,"2,853,600"
"Apr 26, 2021",4.42,4.55,4.41,4.54,3.73,"1,208,500"
"Apr 23, 2021",4.44,4.48,4.41,4.41,3.62,"673,300"
"Apr 22, 2021",4.45,4.49,4.41,4.43,3.64,"1,946,300"
"Apr 21, 2021",4.51,4.51,4.42,4.43,3.64,"2,473,500"
"Apr 20, 2021",4.52,4.55,4.48,4.51,3.71,"1,400,900"
"Apr 19, 2021",4.53,4.53,4.47,4.5,3.7,"1,043,600"
"Apr 16, 2021",4.53,4.53,4.46,4.48,3.68,"1,984,000"
"Apr 15, 2021",4.57,4.59,4.51,4.53,3.72,"1,686,400"
"Apr 14, 2021",4.54,4.58,4.5,4.57,3.75,"1,808,300"
"Apr 13, 2021",4.53,4.55,4.51,4.55,3.74,"2,158,800"
"Apr 12, 2021",4.57,4.59,4.5,4.53,3.72,"1,369,600"
"Apr 9, 2021",4.54,4.61,4.51,4.56,3.75,"2,052,300"
"Apr 8, 2021",4.68,4.73,4.52,4.59,3.77,"3,171,000"
"Apr 7, 2021",4.5,4.7,4.5,4.7,3.86,"3,640,700"
"Apr 6, 2021",4.65,4.66,4.44,4.49,3.69,"4,934,200"
"Apr 5, 2021",4.66,4.67,4.63,4.67,3.84,"971,400"
"Apr 2, 2021",4.66,4.68,4.64,4.66,3.83,"471,800"
"Apr 1, 2021",4.67,4.73,4.63,4.65,3.82,"3,322,600"
"Mar 31, 2021",4.78,4.86,4.51,4.64,3.81,"3,724,900"
"Mar 30, 2021",4.75,4.86,4.75,4.85,3.98,"1,527,000"
"Mar 29, 2021",4.81,4.83,4.74,4.75,3.9,"1,893,300"
"Mar 26, 2021",4.76,4.82,4.76,4.8,3.94,"2,032,700"
"Mar 25, 2021",4.85,4.9,4.74,4.76,3.91,"1,243,600"
"Mar 24, 2021",4.87,4.91,4.85,4.87,4,"802,300"
"Mar 23, 2021",4.84,4.87,4.82,4.85,3.98,"2,661,200"
"Mar 22, 2021",4.82,4.94,4.82,4.85,3.98,"2,179,900"
"Mar 19, 2021",4.9,4.9,4.82,4.85,3.98,"8,459,000"
"Mar 18, 2021",4.88,4.9,4.87,4.88,4.01,"3,322,300"
"Mar 17, 2021",4.91,4.91,4.87,4.89,4.02,"1,589,300"
"Mar 16, 2021",4.88,4.91,4.86,4.88,4.01,"1,060,000"
"Mar 15, 2021",4.87,4.92,4.87,4.9,4.03,"2,352,000"
"Mar 12, 2021",4.91,4.93,4.87,4.87,4,"3,772,900"
"Mar 11, 2021",4.95,4.96,4.89,4.91,4.03,"3,352,300"
"Mar 10, 2021",4.94,4.96,4.91,4.95,4.07,"2,680,800"
"Mar 9, 2021",4.9,4.95,4.9,4.94,4.06,"1,623,100"
"Mar 8, 2021",4.88,4.92,4.88,4.9,4.03,"2,809,600"
"Mar 5, 2021",4.9,4.95,4.88,4.95,4.07,"2,074,200"
"Mar 4, 2021",4.95,4.95,4.9,4.95,4.07,"3,332,800"
"Mar 3, 2021",4.96,4.96,4.9,4.93,4.05,"2,991,800"
"Mar 2, 2021",4.95,4.96,4.9,4.94,4.06,"3,039,200"
"Mar 1, 2021",4.93,4.99,4.9,4.91,4.03,"2,363,700"
"Feb 26, 2021",4.98,4.98,4.86,4.9,4.03,"8,267,000"
"Feb 25, 2021",5.05,5.05,4.9,4.97,4.08,"4,069,200"
"Feb 24, 2021",4.89,5.06,4.88,4.93,4.05,"7,566,400"
"Feb 23, 2021",4.87,4.9,4.86,4.88,4.01,"4,379,700"
"Feb 22, 2021",4.94,4.94,4.87,4.87,4,"5,047,100"
"Feb 19, 2021",4.99,4.99,4.85,4.94,4.06,"5,805,600"
"Feb 18, 2021",4.89,4.99,4.86,4.95,4.07,"4,822,700"
"Feb 17, 2021",4.89,4.92,4.86,4.9,4.03,"3,886,600"
"Feb 16, 2021",4.97,4.99,4.82,4.85,3.98,"2,758,400"
"Feb 15, 2021",5,5,4.94,4.95,4.07,"2,570,500"
"Feb 11, 2021",4.97,4.97,4.91,4.94,4.06,"1,787,800"
"Feb 10, 2021",4.95,5,4.95,4.97,4.08,"4,185,600"
"Feb 9, 2021",4.94,4.99,4.93,4.95,4.07,"5,449,300"
"Feb 8, 2021",4.93,4.99,4.93,4.94,4.06,"2,711,200"
"Feb 5, 2021",5,5,4.89,4.91,4.03,"2,283,900"
"Feb 4, 2021",4.9,4.97,4.9,4.97,4.08,"1,287,500"
"Feb 3, 2021",4.93,5,4.9,4.97,4.08,"5,166,000"
"Feb 2, 2021",4.85,4.94,4.85,4.9,4.03,"4,424,300"
"Jan 29, 2021",4.82,4.91,4.69,4.85,3.98,"9,338,600"
"Jan 27, 2021",4.94,4.96,4.88,4.89,4.02,"5,283,500"
"Jan 26, 2021",5.01,5.01,4.86,4.96,4.08,"3,624,900"
"Jan 25, 2021",5,5.07,4.97,4.98,4.09,"2,280,500"
"Jan 22, 2021",4.99,5,4.94,4.98,4.09,"3,232,600"
"Jan 21, 2021",5.06,5.09,4.98,4.98,4.09,"2,370,400"
"Jan 20, 2021",5.03,5.11,4.99,5.02,4.12,"2,843,600"
"Jan 19, 2021",5.03,5.12,4.98,4.98,4.09,"2,732,100"
"Jan 18, 2021",5.06,5.06,4.97,4.98,4.09,"2,165,700"
"Jan 15, 2021",5.21,5.21,5.06,5.06,4.16,"1,413,800"
"Jan 14, 2021",5.19,5.21,5.17,5.2,4.27,"5,720,500"
"Jan 13, 2021",5.2,5.22,5.15,5.2,4.27,"2,931,900"
"Jan 12, 2021",5.21,5.22,5.12,5.2,4.27,"853,500"
"Jan 11, 2021",5.19,5.24,5.18,5.21,4.28,"7,566,300"
"Jan 8, 2021",5.06,5.19,5.04,5.17,4.25,"4,847,000"
"Jan 7, 2021",5,5.2,4.98,5.15,4.23,"3,790,600"
"Jan 6, 2021",5.04,5.05,4.97,4.99,4.1,"2,201,100"
"Jan 5, 2021",5,5.07,4.96,5.04,4.14,"2,115,200"
"Jan 4, 2021",5,5.04,4.97,4.99,4.1,"1,774,300"
